เดือน,ยี่ห้อ,แบบรถ,รุ่นย่อย,ประเภท,จำนวน
2023-07,Aion,Aion Y Plus,,RY1,331
2023-08,Aion,Aion Y Plus,,RY1,693
2023-09,Aion,Aion Y Plus,,RY1,382
2023-10,Aion,Aion Y Plus,,RY1,471
2023-11,Aion,Aion Y Plus,,RY1,435
2023-12,Aion,Aion Y Plus,,RY1,438
2024-01,Aion,Aion Y Plus,,RY1,472
2024-02,Aion,Aion Y Plus,Premium 490,RY1,407
2024-03,Aion,Aion Y Plus,,RY1,388
2024-04,Aion,Aion Y Plus,Premium 490,RY1,573
2024-05,Aion,Aion Y Plus,,RY1,523
2024-06,Aion,Aion Y Plus,,RY1,549
2024-07,Aion,Aion Y Plus,Premium 490,RY1,208
2024-08,Aion,Aion Y Plus,Premium 490,RY1,328
2024-09,Aion,Aion Y Plus,Premium 490,RY1,427
2024-10,Aion,Aion Y Plus,,RY1,448
2024-11,Aion,Aion Y Plus,,RY1,463
2024-12,Aion,Aion Y Plus,,RY1,555
2025-01,Aion,Aion Y Plus,,RY1,577
2025-02,Aion,Aion Y Plus,Premium 490,RY1,324
2025-03,Aion,Aion Y Plus,,RY1,512
2025-04,Aion,Aion Y Plus,,RY1,311
2025-05,Aion,Aion Y Plus,,RY1,628
2025-06,Aion,Aion Y Plus,,RY1,320
2025-07,Aion,Aion Y Plus,Premium 490,RY1,454
2025-08,Aion,Aion Y Plus,Premium 490,RY1,397
2025-09,Aion,Aion Y Plus,,RY1,633
2025-10,Aion,Aion Y Plus,Premium 490,RY1,434
2025-11,Aion,Aion Y Plus,,RY1,507
2025-12,Aion,Aion Y Plus,,RY1,612
2024-04,Aion,Aion ES,Standard,RY1,210
2024-05,Aion,Aion ES,Standard,RY1,263
2024-06,Aion,Aion ES,,RY1,442
2024-07,Aion,Aion ES,,RY1,310
2024-08,Aion,Aion ES,Standard,RY1,372
2024-09,Aion,Aion ES,Standard,RY1,225
2024-10,Aion,Aion ES,,RY1,282
2024-11,Aion,Aion ES,,RY1,229
2024-12,Aion,Aion ES,Standard,RY1,299
2025-01,Aion,Aion ES,,RY1,273
2025-02,Aion,Aion ES,Standard,RY1,212
2025-03,Aion,Aion ES,,RY1,256
2025-04,Aion,Aion ES,,RY1,232
2025-05,Aion,Aion ES,,RY1,378
2025-06,Aion,Aion ES,Standard,RY1,373
2025-07,Aion,Aion ES,,RY1,377
2025-08,Aion,Aion ES,,RY1,328
2025-09,Aion,Aion ES,,RY1,309
2025-10,Aion,Aion ES,,RY1,373
2025-11,Aion,Aion ES,,RY1,351
2025-12,Aion,Aion ES,,RY1,380
2025-01,Aion,Aion V,Luxury,RY1,253
2025-02,Aion,Aion V,,RY1,271
2025-03,Aion,Aion V,,RY1,322
2025-04,Aion,Aion V,,RY1,238
2025-05,Aion,Aion V,,RY1,423
2025-06,Aion,Aion V,,RY1,328
2025-07,Aion,Aion V,,RY1,346
2025-08,Aion,Aion V,,RY1,416
2025-09,Aion,Aion V,,RY1,78
2025-10,Aion,Aion V,,RY1,319
2025-11,Aion,Aion V,Luxury,RY1,341
2025-12,Aion,Aion V,,RY1,365
2023-01,Audi,Q3,,RY1,315
2023-02,Audi,Q3,,RY1,218
2023-03,Audi,Q3,,RY1,270
2023-04,Audi,Q3,,RY1,164
2023-05,Audi,Q3,35 TFSI S line,RY1,206
2023-06,Audi,Q3,35 TFSI S line,RY1,192
2023-07,Audi,Q3,,RY1,143
2023-08,Audi,Q3,,RY1,239
2023-09,Audi,Q3,,RY1,205
2023-10,Audi,Q3,,RY1,345
2023-11,Audi,Q3,,RY1,259
2023-12,Audi,Q3,35 TFSI S line,RY1,164
2024-01,Audi,Q3,35 TFSI S line,RY1,149
2024-02,Audi,Q3,,RY1,186
2024-03,Audi,Q3,35 TFSI S line,RY1,156
2024-04,Audi,Q3,35 TFSI S line,RY1,243
2024-05,Audi,Q3,35 TFSI S line,RY1,152
2024-06,Audi,Q3,35 TFSI S line,RY1,148
2024-07,Audi,Q3,,RY1,184
2024-08,Audi,Q3,35 TFSI S line,RY1,134
2024-09,Audi,Q3,35 TFSI S line,RY1,245
2024-10,Audi,Q3,,RY1,170
2024-11,Audi,Q3,35 TFSI S line,RY1,235
2024-12,Audi,Q3,,RY1,154
2025-01,Audi,Q3,35 TFSI S line,RY1,169
2025-02,Audi,Q3,,RY1,115
2025-03,Audi,Q3,,RY1,339
2025-04,Audi,Q3,,RY1,192
2025-05,Audi,Q3,,RY1,160
2025-06,Audi,Q3,,RY1,208
2025-07,Audi,Q3,35 TFSI S line,RY1,121
2025-08,Audi,Q3,35 TFSI S line,RY1,187
2025-09,Audi,Q3,,RY1,113
2025-10,Audi,Q3,35 TFSI S line,RY1,163
2025-11,Audi,Q3,,RY1,113
2025-12,Audi,Q3,,RY1,140
2023-01,Audi,Q5,,RY1,99
2023-02,Audi,Q5,,RY1,108
2023-03,Audi,Q5,,RY1,82
2023-04,Audi,Q5,45 TFSI quattro S line,RY1,57
2023-05,Audi,Q5,,RY1,115
2023-06,Audi,Q5,45 TFSI quattro S line,RY1,97
2023-07,Audi,Q5,,RY1,92
2023-08,Audi,Q5,,RY1,114
2023-09,Audi,Q5,,RY1,108
2023-10,Audi,Q5,45 TFSI quattro S line,RY1,79
2023-11,Audi,Q5,,RY1,104
2023-12,Audi,Q5,,RY1,128
2024-01,Audi,Q5,,RY1,91
2024-02,Audi,Q5,,RY1,109
2024-03,Audi,Q5,45 TFSI quattro S line,RY1,145
2024-04,Audi,Q5,,RY1,115
2024-05,Audi,Q5,45 TFSI quattro S line,RY1,151
2024-06,Audi,Q5,,RY1,124
2024-07,Audi,Q5,45 TFSI quattro S line,RY1,117
2024-08,Audi,Q5,,RY1,90
2024-09,Audi,Q5,45 TFSI quattro S line,RY1,140
2024-10,Audi,Q5,45 TFSI quattro S line,RY1,98
2024-11,Audi,Q5,,RY1,149
2024-12,Audi,Q5,,RY1,94
2025-01,Audi,Q5,,RY1,153
2025-02,Audi,Q5,,RY1,138
2025-03,Audi,Q5,45 TFSI quattro S line,RY1,168
2025-04,Audi,Q5,,RY1,131
2025-05,Audi,Q5,45 TFSI quattro S line,RY1,171
2025-06,Audi,Q5,45 TFSI quattro S line,RY1,177
2025-07,Audi,Q5,45 TFSI quattro S line,RY1,163
2025-08,Audi,Q5,45 TFSI quattro S line,RY1,219
2025-09,Audi,Q5,45 TFSI quattro S line,RY1,132
2025-10,Audi,Q5,45 TFSI quattro S line,RY1,145
2025-11,Audi,Q5,45 TFSI quattro S line,RY1,196
2025-12,Audi,Q5,45 TFSI quattro S line,RY1,167
2023-01,BMW,3 Series,,RY1,70
2023-02,BMW,3 Series,,RY1,68
2023-03,BMW,3 Series,,RY1,75
2023-04,BMW,3 Series,330e M Sport,RY1,76
2023-05,BMW,3 Series,,RY1,89
2023-06,BMW,3 Series,,RY1,75
2023-07,BMW,3 Series,,RY1,48
2023-08,BMW,3 Series,,RY1,148
2023-09,BMW,3 Series,330e M Sport,RY1,98
2023-10,BMW,3 Series,,RY1,81
2023-11,BMW,3 Series,,RY1,72
2023-12,BMW,3 Series,,RY1,95
2024-01,BMW,3 Series,,RY1,137
2024-02,BMW,3 Series,,RY1,75
2024-03,BMW,3 Series,330e M Sport,RY1,69
2024-04,BMW,3 Series,,RY1,134
2024-05,BMW,3 Series,,RY1,109
2024-06,BMW,3 Series,,RY1,120
2024-07,BMW,3 Series,,RY1,99
2024-08,BMW,3 Series,,RY1,97
2024-09,BMW,3 Series,330e M Sport,RY1,106
2024-10,BMW,3 Series,330e M Sport,RY1,73
2024-11,BMW,3 Series,,RY1,107
2024-12,BMW,3 Series,,RY1,83
2025-01,BMW,3 Series,330e M Sport,RY1,135
2025-02,BMW,3 Series,330e M Sport,RY1,100
2025-03,BMW,3 Series,330e M Sport,RY1,84
2025-04,BMW,3 Series,330e M Sport,RY1,79
2025-05,BMW,3 Series,,RY1,89
2025-06,BMW,3 Series,,RY1,117
2025-07,BMW,3 Series,,RY1,163
2025-08,BMW,3 Series,,RY1,74
2025-09,BMW,3 Series,,RY1,129
2025-10,BMW,3 Series,330e M Sport,RY1,69
2025-11,BMW,3 Series,,RY1,85
2025-12,BMW,3 Series,,RY1,135
2024-01,BMW,5 Series,530e M Sport,RY1,20
2024-02,BMW,5 Series,,RY1,36
2024-03,BMW,5 Series,,RY1,50
2024-04,BMW,5 Series,530e M Sport,RY1,13
2024-05,BMW,5 Series,530e M Sport,RY1,48
2024-06,BMW,5 Series,,RY1,26
2024-07,BMW,5 Series,530e M Sport,RY1,31
2024-08,BMW,5 Series,,RY1,20
2024-09,BMW,5 Series,530e M Sport,RY1,39
2024-10,BMW,5 Series,530e M Sport,RY1,26
2024-11,BMW,5 Series,530e M Sport,RY1,29
2024-12,BMW,5 Series,,RY1,27
2025-01,BMW,5 Series,,RY1,30
2025-02,BMW,5 Series,530e M Sport,RY1,43
2025-03,BMW,5 Series,,RY1,31
2025-04,BMW,5 Series,530e M Sport,RY1,30
2025-05,BMW,5 Series,,RY1,30
2025-06,BMW,5 Series,530e M Sport,RY1,40
2025-07,BMW,5 Series,,RY1,38
2025-08,BMW,5 Series,530e M Sport,RY1,39
2025-09,BMW,5 Series,,RY1,17
2025-10,BMW,5 Series,530e M Sport,RY1,42
2025-11,BMW,5 Series,530e M Sport,RY1,28
2025-12,BMW,5 Series,,RY1,41
2023-01,BMW,X1,sDrive18i xLine,RY1,227
2023-02,BMW,X1,sDrive18i xLine,RY1,155
2023-03,BMW,X1,,RY1,299
2023-04,BMW,X1,sDrive18i xLine,RY1,263
2023-05,BMW,X1,,RY1,202
2023-06,BMW,X1,sDrive18i xLine,RY1,203
2023-07,BMW,X1,,RY1,168
2023-08,BMW,X1,,RY1,297
2023-09,BMW,X1,,RY1,209
2023-10,BMW,X1,,RY1,209
2023-11,BMW,X1,,RY1,99
2023-12,BMW,X1,sDrive18i xLine,RY1,196
2024-01,BMW,X1,sDrive18i xLine,RY1,175
2024-02,BMW,X1,sDrive18i xLine,RY1,260
2024-03,BMW,X1,sDrive18i xLine,RY1,156
2024-04,BMW,X1,,RY1,155
2024-05,BMW,X1,,RY1,73
2024-06,BMW,X1,,RY1,205
2024-07,BMW,X1,sDrive18i xLine,RY1,196
2024-08,BMW,X1,,RY1,141
2024-09,BMW,X1,,RY1,168
2024-10,BMW,X1,,RY1,167
2024-11,BMW,X1,,RY1,168
2024-12,BMW,X1,,RY1,84
2025-01,BMW,X1,,RY1,105
2025-02,BMW,X1,sDrive18i xLine,RY1,165
2025-03,BMW,X1,sDrive18i xLine,RY1,35
2025-04,BMW,X1,sDrive18i xLine,RY1,145
2025-05,BMW,X1,sDrive18i xLine,RY1,218
2025-06,BMW,X1,sDrive18i xLine,RY1,181
2025-07,BMW,X1,sDrive18i xLine,RY1,135
2025-08,BMW,X1,,RY1,227
2025-09,BMW,X1,,RY1,67
2025-10,BMW,X1,sDrive18i xLine,RY1,164
2025-11,BMW,X1,,RY1,100
2025-12,BMW,X1,sDrive18i xLine,RY1,165
2024-11,BMW,X3,,RY1,89
2024-12,BMW,X3,,RY1,115
2025-01,BMW,X3,20 xDrive M Sport,RY1,73
2025-02,BMW,X3,,RY1,77
2025-03,BMW,X3,,RY1,112
2025-04,BMW,X3,,RY1,70
2025-05,BMW,X3,,RY1,94
2025-06,BMW,X3,,RY1,79
2025-07,BMW,X3,20 xDrive M Sport,RY1,145
2025-08,BMW,X3,,RY1,98
2025-09,BMW,X3,,RY1,84
2025-10,BMW,X3,,RY1,81
2025-11,BMW,X3,,RY1,90
2025-12,BMW,X3,20 xDrive M Sport,RY1,70
2023-01,BMW,iX3,Inspiring,RY1,118
2023-02,BMW,iX3,,RY1,83
2023-03,BMW,iX3,,RY1,109
2023-04,BMW,iX3,Inspiring,RY1,116
2023-05,BMW,iX3,,RY1,104
2023-06,BMW,iX3,,RY1,70
2023-07,BMW,iX3,,RY1,80
2023-08,BMW,iX3,,RY1,92
2023-09,BMW,iX3,,RY1,127
2023-10,BMW,iX3,,RY1,150
2023-11,BMW,iX3,Inspiring,RY1,139
2023-12,BMW,iX3,Inspiring,RY1,104
2024-01,BMW,iX3,,RY1,103
2024-02,BMW,iX3,Inspiring,RY1,51
2024-03,BMW,iX3,,RY1,125
2024-04,BMW,iX3,,RY1,153
2024-05,BMW,iX3,Inspiring,RY1,131
2024-06,BMW,iX3,,RY1,120
2024-07,BMW,iX3,,RY1,81
2024-08,BMW,iX3,,RY1,116
2024-09,BMW,iX3,Inspiring,RY1,170
2024-10,BMW,iX3,,RY1,112
2024-11,BMW,iX3,,RY1,106
2024-12,BMW,iX3,Inspiring,RY1,100
2025-01,BMW,iX3,Inspiring,RY1,127
2025-02,BMW,iX3,Inspiring,RY1,145
2025-03,BMW,iX3,,RY1,121
2025-04,BMW,iX3,,RY1,114
2025-05,BMW,iX3,,RY1,169
2025-06,BMW,iX3,,RY1,126
2025-07,BMW,iX3,,RY1,141
2025-08,BMW,iX3,,RY1,149
2025-09,BMW,iX3,Inspiring,RY1,136
2025-10,BMW,iX3,,RY1,165
2025-11,BMW,iX3,,RY1,158
2025-12,BMW,iX3,,RY1,126
2023-01,BMW,i4,,RY1,132
2023-02,BMW,i4,,RY1,132
2023-03,BMW,i4,,RY1,105
2023-04,BMW,i4,,RY1,88
2023-05,BMW,i4,eDrive40 M Sport,RY1,127
2023-06,BMW,i4,eDrive40 M Sport,RY1,129
2023-07,BMW,i4,,RY1,89
2023-08,BMW,i4,,RY1,122
2023-09,BMW,i4,,RY1,117
2023-10,BMW,i4,,RY1,99
2023-11,BMW,i4,,RY1,102
2023-12,BMW,i4,,RY1,149
2024-01,BMW,i4,,RY1,156
2024-02,BMW,i4,eDrive40 M Sport,RY1,70
2024-03,BMW,i4,,RY1,91
2024-04,BMW,i4,eDrive40 M Sport,RY1,121
2024-05,BMW,i4,eDrive40 M Sport,RY1,121
2024-06,BMW,i4,eDrive40 M Sport,RY1,148
2024-07,BMW,i4,eDrive40 M Sport,RY1,168
2024-08,BMW,i4,,RY1,149
2024-09,BMW,i4,,RY1,132
2024-10,BMW,i4,eDrive40 M Sport,RY1,168
2024-11,BMW,i4,,RY1,181
2024-12,BMW,i4,,RY1,199
2025-01,BMW,i4,,RY1,135
2025-02,BMW,i4,,RY1,162
2025-03,BMW,i4,,RY1,171
2025-04,BMW,i4,,RY1,131
2025-05,BMW,i4,,RY1,178
2025-06,BMW,i4,,RY1,134
2025-07,BMW,i4,eDrive40 M Sport,RY1,161
2025-08,BMW,i4,eDrive40 M Sport,RY1,145
2025-09,BMW,i4,,RY1,169
2025-10,BMW,i4,,RY1,196
2025-11,BMW,i4,,RY1,153
2025-12,BMW,i4,,RY1,179
2023-01,BYD,Atto 3,,RY1,1872
2023-02,BYD,Atto 3,Extended Range,RY1,1192
2023-03,BYD,Atto 3,Extended Range,RY1,1564
2023-04,BYD,Atto 3,Extended Range,RY1,1042
2023-05,BYD,Atto 3,,RY1,1843
2023-06,BYD,Atto 3,,RY1,1686
2023-07,BYD,Atto 3,,RY1,1457
2023-08,BYD,Atto 3,,RY1,1420
2023-09,BYD,Atto 3,Extended Range,RY1,2064
2023-10,BYD,Atto 3,,RY1,1758
2023-11,BYD,Atto 3,,RY1,2254
2023-12,BYD,Atto 3,Extended Range,RY1,2295
2024-01,BYD,Atto 3,Extended Range,RY1,870
2024-02,BYD,Atto 3,,RY1,1837
2024-03,BYD,Atto 3,,RY1,988
2024-04,BYD,Atto 3,,RY1,550
2024-05,BYD,Atto 3,,RY1,2213
2024-06,BYD,Atto 3,Extended Range,RY1,2345
2024-07,BYD,Atto 3,Extended Range,RY1,2347
2024-08,BYD,Atto 3,Extended Range,RY1,1645
2024-09,BYD,Atto 3,,RY1,1103
2024-10,BYD,Atto 3,Extended Range,RY1,2425
2024-11,BYD,Atto 3,Extended Range,RY1,1768
2024-12,BYD,Atto 3,Extended Range,RY1,1651
2025-01,BYD,Atto 3,Extended Range,RY1,2685
2025-02,BYD,Atto 3,,RY1,1655
2025-03,BYD,Atto 3,Extended Range,RY1,1862
2025-04,BYD,Atto 3,,RY1,1621
2025-05,BYD,Atto 3,,RY1,2003
2025-06,BYD,Atto 3,,RY1,1441
2025-07,BYD,Atto 3,,RY1,2433
2025-08,BYD,Atto 3,Extended Range,RY1,1626
2025-09,BYD,Atto 3,,RY1,2260
2025-10,BYD,Atto 3,Extended Range,RY1,2081
2025-11,BYD,Atto 3,Extended Range,RY1,1640
2025-12,BYD,Atto 3,,RY1,1474
2023-05,BYD,Dolphin,Standard Range,RY1,1613
2023-06,BYD,Dolphin,,RY1,1239
2023-07,BYD,Dolphin,,RY1,1253
2023-08,BYD,Dolphin,,RY1,1535
2023-09,BYD,Dolphin,,RY1,1953
2023-10,BYD,Dolphin,,RY1,1404
2023-11,BYD,Dolphin,,RY1,1530
2023-12,BYD,Dolphin,Standard Range,RY1,782
2024-01,BYD,Dolphin,Extended Range,RY1,1753
2024-02,BYD,Dolphin,Standard Range,RY1,1983
2024-03,BYD,Dolphin,,RY1,2333
2024-04,BYD,Dolphin,,RY1,2202
2024-05,BYD,Dolphin,,RY1,768
2024-06,BYD,Dolphin,Standard Range,RY1,1497
2024-07,BYD,Dolphin,Extended Range,RY1,1761
2024-08,BYD,Dolphin,,RY1,2370
2024-09,BYD,Dolphin,Standard Range,RY1,1635
2024-10,BYD,Dolphin,Extended Range,RY1,2006
2024-11,BYD,Dolphin,Extended Range,RY1,1646
2024-12,BYD,Dolphin,,RY1,2087
2025-01,BYD,Dolphin,Standard Range,RY1,1540
2025-02,BYD,Dolphin,Extended Range,RY1,1933
2025-03,BYD,Dolphin,Standard Range,RY1,2351
2025-04,BYD,Dolphin,,RY1,1396
2025-05,BYD,Dolphin,Extended Range,RY1,1346
2025-06,BYD,Dolphin,Standard Range,RY1,1234
2025-07,BYD,Dolphin,,RY1,1823
2025-08,BYD,Dolphin,,RY1,2911
2025-09,BYD,Dolphin,,RY1,1743
2025-10,BYD,Dolphin,,RY1,1402
2025-11,BYD,Dolphin,Standard Range,RY1,1667
2025-12,BYD,Dolphin,,RY1,2588
2023-09,BYD,Seal,,RY1,344
2023-10,BYD,Seal,AWD Performance,RY1,541
2023-11,BYD,Seal,AWD Performance,RY1,611
2023-12,BYD,Seal,,RY1,319
2024-01,BYD,Seal,AWD Performance,RY1,692
2024-02,BYD,Seal,,RY1,336
2024-03,BYD,Seal,,RY1,536
2024-04,BYD,Seal,,RY1,456
2024-05,BYD,Seal,,RY1,477
2024-06,BYD,Seal,AWD Performance,RY1,156
2024-07,BYD,Seal,,RY1,267
2024-08,BYD,Seal,Dynamic,RY1,436
2024-09,BYD,Seal,AWD Performance,RY1,270
2024-10,BYD,Seal,Dynamic,RY1,392
2024-11,BYD,Seal,,RY1,386
2024-12,BYD,Seal,,RY1,449
2025-01,BYD,Seal,,RY1,216
2025-02,BYD,Seal,Dynamic,RY1,163
2025-03,BYD,Seal,,RY1,425
2025-04,BYD,Seal,,RY1,173
2025-05,BYD,Seal,AWD Performance,RY1,429
2025-06,BYD,Seal,,RY1,376
2025-07,BYD,Seal,Dynamic,RY1,408
2025-08,BYD,Seal,,RY1,428
2025-09,BYD,Seal,,RY1,293
2025-10,BYD,Seal,AWD Performance,RY1,388
2025-11,BYD,Seal,,RY1,369
2025-12,BYD,Seal,Dynamic,RY1,504
2024-07,BYD,Sealion 6 DM-i,,RY1,995
2024-08,BYD,Sealion 6 DM-i,,RY1,1091
2024-09,BYD,Sealion 6 DM-i,Dynamic DM-i,RY1,828
2024-10,BYD,Sealion 6 DM-i,,RY1,1114
2024-11,BYD,Sealion 6 DM-i,Dynamic DM-i,RY1,869
2024-12,BYD,Sealion 6 DM-i,,RY1,1099
2025-01,BYD,Sealion 6 DM-i,,RY1,762
2025-02,BYD,Sealion 6 DM-i,,RY1,831
2025-03,BYD,Sealion 6 DM-i,,RY1,651
2025-04,BYD,Sealion 6 DM-i,Dynamic DM-i,RY1,857
2025-05,BYD,Sealion 6 DM-i,Dynamic DM-i,RY1,890
2025-06,BYD,Sealion 6 DM-i,,RY1,996
2025-07,BYD,Sealion 6 DM-i,,RY1,1171
2025-08,BYD,Sealion 6 DM-i,,RY1,1400
2025-09,BYD,Sealion 6 DM-i,,RY1,1031
2025-10,BYD,Sealion 6 DM-i,,RY1,1074
2025-11,BYD,Sealion 6 DM-i,,RY1,1095
2025-12,BYD,Sealion 6 DM-i,,RY1,924
2025-01,BYD,Sealion 7,Premium,RY1,342
2025-02,BYD,Sealion 7,,RY1,298
2025-03,BYD,Sealion 7,,RY1,247
2025-04,BYD,Sealion 7,,RY1,405
2025-05,BYD,Sealion 7,,RY1,401
2025-06,BYD,Sealion 7,Premium,RY1,126
2025-07,BYD,Sealion 7,,RY1,231
2025-08,BYD,Sealion 7,Premium,RY1,594
2025-09,BYD,Sealion 7,Premium,RY1,219
2025-10,BYD,Sealion 7,Premium,RY1,125
2025-11,BYD,Sealion 7,,RY1,153
2025-12,BYD,Sealion 7,,RY1,193
2024-08,BYD,BYD M6,,RY1,1101
2024-09,BYD,BYD M6,,RY1,1267
2024-10,BYD,BYD M6,,RY1,1075
2024-11,BYD,BYD M6,,RY1,720
2024-12,BYD,BYD M6,,RY1,823
2025-01,BYD,BYD M6,Dynamic,RY1,1287
2025-02,BYD,BYD M6,,RY1,1260
2025-03,BYD,BYD M6,Dynamic,RY1,1841
2025-04,BYD,BYD M6,,RY1,1802
2025-05,BYD,BYD M6,,RY1,1198
2025-06,BYD,BYD M6,Dynamic,RY1,1451
2025-07,BYD,BYD M6,,RY1,1616
2025-08,BYD,BYD M6,,RY1,1684
2025-09,BYD,BYD M6,Dynamic,RY1,1910
2025-10,BYD,BYD M6,Dynamic,RY1,920
2025-11,BYD,BYD M6,,RY1,1272
2025-12,BYD,BYD M6,,RY1,1022
2025-03,BYD,Shark 6,,RY3,1291
2025-04,BYD,Shark 6,,RY3,3722
2025-05,BYD,Shark 6,,RY3,2340
2025-06,BYD,Shark 6,,RY3,3188
2025-07,BYD,Shark 6,,RY3,4066
2025-08,BYD,Shark 6,,RY3,3344
2025-09,BYD,Shark 6,,RY3,3791
2025-10,BYD,Shark 6,Premium DMO,RY3,2529
2025-11,BYD,Shark 6,,RY3,2723
2025-12,BYD,Shark 6,Premium DMO,RY3,2914
2024-08,BYD,Dolphin Mini,,RY1,118
2024-09,BYD,Dolphin Mini,,RY1,128
2024-10,BYD,Dolphin Mini,,RY1,68
2024-11,BYD,Dolphin Mini,,RY1,349
2024-12,BYD,Dolphin Mini,,RY1,324
2025-01,BYD,Dolphin Mini,,RY1,142
2025-02,BYD,Dolphin Mini,,RY1,293
2025-03,BYD,Dolphin Mini,Standard,RY1,100
2025-04,BYD,Dolphin Mini,,RY1,296
2025-05,BYD,Dolphin Mini,,RY1,225
2025-06,BYD,Dolphin Mini,Standard,RY1,269
2025-07,BYD,Dolphin Mini,,RY1,269
2025-08,BYD,Dolphin Mini,,RY1,133
2025-09,BYD,Dolphin Mini,Standard,RY1,138
2025-10,BYD,Dolphin Mini,Standard,RY1,133
2025-11,BYD,Dolphin Mini,,RY1,250
2025-12,BYD,Dolphin Mini,Standard,RY1,192
2024-03,Changan,Deepal S07,Long Range,RY1,335
2024-04,Changan,Deepal S07,,RY1,231
2024-05,Changan,Deepal S07,Long Range,RY1,271
2024-06,Changan,Deepal S07,,RY1,377
2024-07,Changan,Deepal S07,,RY1,378
2024-08,Changan,Deepal S07,,RY1,296
2024-09,Changan,Deepal S07,,RY1,197
2024-10,Changan,Deepal S07,Long Range,RY1,269
2024-11,Changan,Deepal S07,,RY1,313
2024-12,Changan,Deepal S07,,RY1,294
2025-01,Changan,Deepal S07,Long Range,RY1,283
2025-02,Changan,Deepal S07,Long Range,RY1,265
2025-03,Changan,Deepal S07,,RY1,279
2025-04,Changan,Deepal S07,,RY1,430
2025-05,Changan,Deepal S07,Long Range,RY1,342
2025-06,Changan,Deepal S07,Long Range,RY1,363
2025-07,Changan,Deepal S07,,RY1,335
2025-08,Changan,Deepal S07,,RY1,208
2025-09,Changan,Deepal S07,Long Range,RY1,316
2025-10,Changan,Deepal S07,Long Range,RY1,423
2025-11,Changan,Deepal S07,,RY1,372
2025-12,Changan,Deepal S07,Long Range,RY1,407
2024-06,Changan,Deepal L07,,RY1,99
2024-07,Changan,Deepal L07,,RY1,112
2024-08,Changan,Deepal L07,,RY1,63
2024-09,Changan,Deepal L07,Long Range,RY1,71
2024-10,Changan,Deepal L07,Long Range,RY1,128
2024-11,Changan,Deepal L07,,RY1,65
2024-12,Changan,Deepal L07,,RY1,71
2025-01,Changan,Deepal L07,,RY1,49
2025-02,Changan,Deepal L07,,RY1,89
2025-03,Changan,Deepal L07,,RY1,84
2025-04,Changan,Deepal L07,,RY1,128
2025-05,Changan,Deepal L07,,RY1,137
2025-06,Changan,Deepal L07,Long Range,RY1,85
2025-07,Changan,Deepal L07,,RY1,95
2025-08,Changan,Deepal L07,Long Range,RY1,146
2025-09,Changan,Deepal L07,Long Range,RY1,98
2025-10,Changan,Deepal L07,Long Range,RY1,62
2025-11,Changan,Deepal L07,,RY1,64
2025-12,Changan,Deepal L07,,RY1,102
2024-04,Chery,Omoda C5,EV Luxury,RY1,274
2024-05,Chery,Omoda C5,,RY1,369
2024-06,Chery,Omoda C5,,RY1,272
2024-07,Chery,Omoda C5,EV Luxury,RY1,466
2024-08,Chery,Omoda C5,,RY1,406
2024-09,Chery,Omoda C5,EV Luxury,RY1,390
2024-10,Chery,Omoda C5,,RY1,354
2024-11,Chery,Omoda C5,EV Luxury,RY1,391
2024-12,Chery,Omoda C5,,RY1,209
2025-01,Chery,Omoda C5,EV Luxury,RY1,272
2025-02,Chery,Omoda C5,,RY1,330
2025-03,Chery,Omoda C5,,RY1,328
2025-04,Chery,Omoda C5,,RY1,352
2025-05,Chery,Omoda C5,,RY1,483
2025-06,Chery,Omoda C5,,RY1,465
2025-07,Chery,Omoda C5,EV Luxury,RY1,235
2025-08,Chery,Omoda C5,EV Luxury,RY1,389
2025-09,Chery,Omoda C5,EV Luxury,RY1,525
2025-10,Chery,Omoda C5,,RY1,269
2025-11,Chery,Omoda C5,,RY1,226
2025-12,Chery,Omoda C5,,RY1,293
2024-09,Chery,Jaecoo J7,,RY1,294
2024-10,Chery,Jaecoo J7,,RY1,240
2024-11,Chery,Jaecoo J7,PHEV Luxury,RY1,246
2024-12,Chery,Jaecoo J7,PHEV Luxury,RY1,236
2025-01,Chery,Jaecoo J7,,RY1,237
2025-02,Chery,Jaecoo J7,PHEV Luxury,RY1,230
2025-03,Chery,Jaecoo J7,,RY1,141
2025-04,Chery,Jaecoo J7,PHEV Luxury,RY1,184
2025-05,Chery,Jaecoo J7,,RY1,230
2025-06,Chery,Jaecoo J7,,RY1,223
2025-07,Chery,Jaecoo J7,,RY1,91
2025-08,Chery,Jaecoo J7,,RY1,155
2025-09,Chery,Jaecoo J7,,RY1,107
2025-10,Chery,Jaecoo J7,PHEV Luxury,RY1,158
2025-11,Chery,Jaecoo J7,,RY1,197
2025-12,Chery,Jaecoo J7,,RY1,55
2023-01,Ford,Ranger,,RY3,3941
2023-02,Ford,Ranger,2.0 XLT Open Cab,RY3,3510
2023-03,Ford,Ranger,,RY3,2761
2023-04,Ford,Ranger,,RY3,3454
2023-05,Ford,Ranger,,RY3,3137
2023-06,Ford,Ranger,2.0 XL Single Cab,RY3,2176
2023-07,Ford,Ranger,2.0 Wildtrak 4x4 Double Cab,RY3,2839
2023-08,Ford,Ranger,2.0 XLT Open Cab,RY3,2212
2023-09,Ford,Ranger,3.0 Raptor Double Cab,RY3,3693
2023-10,Ford,Ranger,3.0 Raptor Double Cab,RY3,1960
2023-11,Ford,Ranger,,RY3,4075
2023-12,Ford,Ranger,,RY3,3697
2024-01,Ford,Ranger,2.0 XL Single Cab,RY3,3077
2024-02,Ford,Ranger,,RY3,3634
2024-03,Ford,Ranger,,RY3,3187
2024-04,Ford,Ranger,,RY3,2714
2024-05,Ford,Ranger,,RY3,3390
2024-06,Ford,Ranger,,RY3,3084
2024-07,Ford,Ranger,3.0 Raptor Double Cab,RY3,4241
2024-08,Ford,Ranger,,RY3,4402
2024-09,Ford,Ranger,2.0 XL Single Cab,RY3,5336
2024-10,Ford,Ranger,,RY3,3564
2024-11,Ford,Ranger,,RY3,3053
2024-12,Ford,Ranger,2.0 Wildtrak 4x4 Double Cab,RY3,4524
2025-01,Ford,Ranger,,RY3,3184
2025-02,Ford,Ranger,2.0 Wildtrak 4x4 Double Cab,RY3,4727
2025-03,Ford,Ranger,,RY3,3473
2025-04,Ford,Ranger,2.0 Wildtrak 4x4 Double Cab,RY3,3104
2025-05,Ford,Ranger,,RY3,3215
2025-06,Ford,Ranger,2.0 XL Single Cab,RY3,5042
2025-07,Ford,Ranger,,RY3,4310
2025-08,Ford,Ranger,,RY3,2793
2025-09,Ford,Ranger,,RY3,3276
2025-10,Ford,Ranger,,RY3,4556
2025-11,Ford,Ranger,,RY3,5202
2025-12,Ford,Ranger,2.0 XL Single Cab,RY3,5212
2023-01,Ford,Everest,,RY1,416
2023-02,Ford,Everest,2.0 Platinum 4x4,RY1,448
2023-03,Ford,Everest,2.0 Platinum 4x4,RY1,554
2023-04,Ford,Everest,2.0 Platinum 4x4,RY1,616
2023-05,Ford,Everest,,RY1,301
2023-06,Ford,Everest,,RY1,204
2023-07,Ford,Everest,,RY1,368
2023-08,Ford,Everest,2.0 Platinum 4x4,RY1,152
2023-09,Ford,Everest,,RY1,375
2023-10,Ford,Everest,2.0 Titanium+ 4x2,RY1,414
2023-11,Ford,Everest,2.0 Titanium+ 4x2,RY1,536
2023-12,Ford,Everest,,RY1,469
2024-01,Ford,Everest,,RY1,358
2024-02,Ford,Everest,,RY1,281
2024-03,Ford,Everest,,RY1,382
2024-04,Ford,Everest,,RY1,201
2024-05,Ford,Everest,,RY1,298
2024-06,Ford,Everest,2.0 Platinum 4x4,RY1,438
2024-07,Ford,Everest,2.0 Platinum 4x4,RY1,656
2024-08,Ford,Everest,2.0 Titanium+ 4x2,RY1,253
2024-09,Ford,Everest,2.0 Titanium+ 4x2,RY1,647
2024-10,Ford,Everest,2.0 Platinum 4x4,RY1,369
2024-11,Ford,Everest,2.0 Titanium+ 4x2,RY1,453
2024-12,Ford,Everest,,RY1,380
2025-01,Ford,Everest,2.0 Titanium+ 4x2,RY1,434
2025-02,Ford,Everest,,RY1,155
2025-03,Ford,Everest,2.0 Platinum 4x4,RY1,533
2025-04,Ford,Everest,,RY1,228
2025-05,Ford,Everest,,RY1,389
2025-06,Ford,Everest,,RY1,417
2025-07,Ford,Everest,2.0 Titanium+ 4x2,RY1,222
2025-08,Ford,Everest,2.0 Titanium+ 4x2,RY1,342
2025-09,Ford,Everest,,RY1,215
2025-10,Ford,Everest,,RY1,292
2025-11,Ford,Everest,,RY1,611
2025-12,Ford,Everest,,RY1,452
2024-01,Ford,Mustang,,RY1,543
2024-02,Ford,Mustang,,RY1,323
2024-03,Ford,Mustang,,RY1,373
2024-04,Ford,Mustang,,RY1,308
2024-05,Ford,Mustang,,RY1,340
2024-06,Ford,Mustang,,RY1,561
2024-07,Ford,Mustang,5.0 GT,RY1,221
2024-08,Ford,Mustang,5.0 GT,RY1,141
2024-09,Ford,Mustang,5.0 GT,RY1,489
2024-10,Ford,Mustang,5.0 GT,RY1,387
2024-11,Ford,Mustang,,RY1,91
2024-12,Ford,Mustang,,RY1,448
2025-01,Ford,Mustang,5.0 GT,RY1,570
2025-02,Ford,Mustang,5.0 GT,RY1,434
2025-03,Ford,Mustang,5.0 GT,RY1,334
2025-04,Ford,Mustang,,RY1,500
2025-05,Ford,Mustang,5.0 GT,RY1,329
2025-06,Ford,Mustang,5.0 GT,RY1,167
2025-07,Ford,Mustang,,RY1,508
2025-08,Ford,Mustang,5.0 GT,RY1,351
2025-09,Ford,Mustang,,RY1,302
2025-10,Ford,Mustang,5.0 GT,RY1,438
2025-11,Ford,Mustang,,RY1,178
2025-12,Ford,Mustang,,RY1,293
2023-01,GWM,Haval H6,,RY1,375
2023-02,GWM,Haval H6,HEV Ultra,RY1,362
2023-03,GWM,Haval H6,,RY1,337
2023-04,GWM,Haval H6,,RY1,402
2023-05,GWM,Haval H6,,RY1,307
2023-06,GWM,Haval H6,PHEV Ultra,RY1,443
2023-07,GWM,Haval H6,PHEV Ultra,RY1,227
2023-08,GWM,Haval H6,,RY1,228
2023-09,GWM,Haval H6,,RY1,313
2023-10,GWM,Haval H6,HEV Ultra,RY1,474
2023-11,GWM,Haval H6,,RY1,387
2023-12,GWM,Haval H6,,RY1,398
2024-01,GWM,Haval H6,PHEV Ultra,RY1,64
2024-02,GWM,Haval H6,PHEV Ultra,RY1,336
2024-03,GWM,Haval H6,PHEV Ultra,RY1,338
2024-04,GWM,Haval H6,,RY1,240
2024-05,GWM,Haval H6,PHEV Ultra,RY1,439
2024-06,GWM,Haval H6,PHEV Ultra,RY1,476
2024-07,GWM,Haval H6,HEV Ultra,RY1,405
2024-08,GWM,Haval H6,,RY1,530
2024-09,GWM,Haval H6,,RY1,461
2024-10,GWM,Haval H6,,RY1,340
2024-11,GWM,Haval H6,,RY1,443
2024-12,GWM,Haval H6,,RY1,335
2025-01,GWM,Haval H6,PHEV Ultra,RY1,182
2025-02,GWM,Haval H6,PHEV Ultra,RY1,219
2025-03,GWM,Haval H6,,RY1,354
2025-04,GWM,Haval H6,PHEV Ultra,RY1,357
2025-05,GWM,Haval H6,,RY1,310
2025-06,GWM,Haval H6,,RY1,311
2025-07,GWM,Haval H6,,RY1,211
2025-08,GWM,Haval H6,,RY1,460
2025-09,GWM,Haval H6,HEV Ultra,RY1,345
2025-10,GWM,Haval H6,HEV Ultra,RY1,97
2025-11,GWM,Haval H6,PHEV Ultra,RY1,332
2025-12,GWM,Haval H6,,RY1,361
2023-01,GWM,Haval Jolion,HEV Ultra,RY1,253
2023-02,GWM,Haval Jolion,HEV Ultra,RY1,460
2023-03,GWM,Haval Jolion,,RY1,657
2023-04,GWM,Haval Jolion,HEV Ultra,RY1,564
2023-05,GWM,Haval Jolion,HEV Ultra,RY1,356
2023-06,GWM,Haval Jolion,HEV Ultra,RY1,687
2023-07,GWM,Haval Jolion,,RY1,764
2023-08,GWM,Haval Jolion,HEV Ultra,RY1,468
2023-09,GWM,Haval Jolion,HEV Ultra,RY1,816
2023-10,GWM,Haval Jolion,,RY1,501
2023-11,GWM,Haval Jolion,HEV Ultra,RY1,526
2023-12,GWM,Haval Jolion,,RY1,684
2024-01,GWM,Haval Jolion,HEV Ultra,RY1,798
2024-02,GWM,Haval Jolion,,RY1,687
2024-03,GWM,Haval Jolion,HEV Ultra,RY1,605
2024-04,GWM,Haval Jolion,,RY1,737
2024-05,GWM,Haval Jolion,,RY1,531
2024-06,GWM,Haval Jolion,,RY1,503
2024-07,GWM,Haval Jolion,,RY1,342
2024-08,GWM,Haval Jolion,HEV Ultra,RY1,674
2024-09,GWM,Haval Jolion,,RY1,311
2024-10,GWM,Haval Jolion,,RY1,499
2024-11,GWM,Haval Jolion,,RY1,352
2024-12,GWM,Haval Jolion,HEV Ultra,RY1,705
2025-01,GWM,Haval Jolion,HEV Ultra,RY1,666
2025-02,GWM,Haval Jolion,,RY1,638
2025-03,GWM,Haval Jolion,,RY1,690
2025-04,GWM,Haval Jolion,HEV Ultra,RY1,457
2025-05,GWM,Haval Jolion,,RY1,607
2025-06,GWM,Haval Jolion,HEV Ultra,RY1,587
2025-07,GWM,Haval Jolion,,RY1,569
2025-08,GWM,Haval Jolion,HEV Ultra,RY1,724
2025-09,GWM,Haval Jolion,,RY1,453
2025-10,GWM,Haval Jolion,HEV Ultra,RY1,785
2025-11,GWM,Haval Jolion,HEV Ultra,RY1,566
2025-12,GWM,Haval Jolion,HEV Ultra,RY1,454
2023-01,GWM,Ora Good Cat,500 Ultra,RY1,919
2023-02,GWM,Ora Good Cat,,RY1,557
2023-03,GWM,Ora Good Cat,,RY1,429
2023-04,GWM,Ora Good Cat,,RY1,592
2023-05,GWM,Ora Good Cat,500 Ultra,RY1,778
2023-06,GWM,Ora Good Cat,,RY1,455
2023-07,GWM,Ora Good Cat,,RY1,452
2023-08,GWM,Ora Good Cat,,RY1,779
2023-09,GWM,Ora Good Cat,500 Ultra,RY1,603
2023-10,GWM,Ora Good Cat,500 Ultra,RY1,400
2023-11,GWM,Ora Good Cat,500 Ultra,RY1,505
2023-12,GWM,Ora Good Cat,,RY1,720
2024-01,GWM,Ora Good Cat,,RY1,559
2024-02,GWM,Ora Good Cat,,RY1,719
2024-03,GWM,Ora Good Cat,500 Ultra,RY1,599
2024-04,GWM,Ora Good Cat,,RY1,289
2024-05,GWM,Ora Good Cat,,RY1,437
2024-06,GWM,Ora Good Cat,500 Ultra,RY1,661
2024-07,GWM,Ora Good Cat,,RY1,731
2024-08,GWM,Ora Good Cat,,RY1,880
2024-09,GWM,Ora Good Cat,,RY1,708
2024-10,GWM,Ora Good Cat,,RY1,538
2024-11,GWM,Ora Good Cat,,RY1,503
2024-12,GWM,Ora Good Cat,,RY1,829
2025-01,GWM,Ora Good Cat,,RY1,541
2025-02,GWM,Ora Good Cat,,RY1,729
2025-03,GWM,Ora Good Cat,500 Ultra,RY1,645
2025-04,GWM,Ora Good Cat,,RY1,793
2025-05,GWM,Ora Good Cat,,RY1,944
2025-06,GWM,Ora Good Cat,500 Ultra,RY1,586
2025-07,GWM,Ora Good Cat,,RY1,520
2025-08,GWM,Ora Good Cat,500 Ultra,RY1,664
2025-09,GWM,Ora Good Cat,,RY1,1136
2025-10,GWM,Ora Good Cat,,RY1,584
2025-11,GWM,Ora Good Cat,,RY1,983
2025-12,GWM,Ora Good Cat,500 Ultra,RY1,502
2024-01,GWM,Ora 03,500 Ultra,RY1,499
2024-02,GWM,Ora 03,500 Ultra,RY1,230
2024-03,GWM,Ora 03,,RY1,581
2024-04,GWM,Ora 03,,RY1,100
2024-05,GWM,Ora 03,,RY1,604
2024-06,GWM,Ora 03,,RY1,562
2024-07,GWM,Ora 03,,RY1,466
2024-08,GWM,Ora 03,,RY1,591
2024-09,GWM,Ora 03,,RY1,548
2024-10,GWM,Ora 03,500 Ultra,RY1,429
2024-11,GWM,Ora 03,,RY1,545
2024-12,GWM,Ora 03,,RY1,403
2025-01,GWM,Ora 03,500 Ultra,RY1,532
2025-02,GWM,Ora 03,,RY1,533
2025-03,GWM,Ora 03,,RY1,426
2025-04,GWM,Ora 03,,RY1,842
2025-05,GWM,Ora 03,,RY1,607
2025-06,GWM,Ora 03,500 Ultra,RY1,226
2025-07,GWM,Ora 03,,RY1,397
2025-08,GWM,Ora 03,500 Ultra,RY1,366
2025-09,GWM,Ora 03,500 Ultra,RY1,232
2025-10,GWM,Ora 03,,RY1,372
2025-11,GWM,Ora 03,,RY1,475
2025-12,GWM,Ora 03,500 Ultra,RY1,142
2023-03,GWM,Tank 300,,RY1,394
2023-04,GWM,Tank 300,HEV Ultra 4WD,RY1,269
2023-05,GWM,Tank 300,HEV Ultra 4WD,RY1,427
2023-06,GWM,Tank 300,,RY1,397
2023-07,GWM,Tank 300,HEV Ultra 4WD,RY1,456
2023-08,GWM,Tank 300,,RY1,209
2023-09,GWM,Tank 300,,RY1,385
2023-10,GWM,Tank 300,,RY1,259
2023-11,GWM,Tank 300,,RY1,415
2023-12,GWM,Tank 300,HEV Ultra 4WD,RY1,190
2024-01,GWM,Tank 300,,RY1,486
2024-02,GWM,Tank 300,HEV Ultra 4WD,RY1,287
2024-03,GWM,Tank 300,,RY1,378
2024-04,GWM,Tank 300,,RY1,516
2024-05,GWM,Tank 300,HEV Ultra 4WD,RY1,224
2024-06,GWM,Tank 300,,RY1,413
2024-07,GWM,Tank 300,,RY1,366
2024-08,GWM,Tank 300,,RY1,280
2024-09,GWM,Tank 300,HEV Ultra 4WD,RY1,308
2024-10,GWM,Tank 300,,RY1,212
2024-11,GWM,Tank 300,HEV Ultra 4WD,RY1,258
2024-12,GWM,Tank 300,HEV Ultra 4WD,RY1,530
2025-01,GWM,Tank 300,HEV Ultra 4WD,RY1,345
2025-02,GWM,Tank 300,,RY1,266
2025-03,GWM,Tank 300,,RY1,159
2025-04,GWM,Tank 300,,RY1,496
2025-05,GWM,Tank 300,,RY1,524
2025-06,GWM,Tank 300,,RY1,472
2025-07,GWM,Tank 300,,RY1,293
2025-08,GWM,Tank 300,HEV Ultra 4WD,RY1,445
2025-09,GWM,Tank 300,HEV Ultra 4WD,RY1,197
2025-10,GWM,Tank 300,,RY1,181
2025-11,GWM,Tank 300,,RY1,302
2025-12,GWM,Tank 300,HEV Ultra 4WD,RY1,354
2024-03,GWM,Tank 500,,RY1,21
2024-04,GWM,Tank 500,,RY1,26
2024-05,GWM,Tank 500,,RY1,46
2024-06,GWM,Tank 500,,RY1,28
2024-07,GWM,Tank 500,HEV Ultra 4WD,RY1,59
2024-08,GWM,Tank 500,,RY1,37
2024-09,GWM,Tank 500,HEV Ultra 4WD,RY1,45
2024-10,GWM,Tank 500,,RY1,24
2024-11,GWM,Tank 500,,RY1,32
2024-12,GWM,Tank 500,,RY1,31
2025-01,GWM,Tank 500,,RY1,62
2025-02,GWM,Tank 500,,RY1,40
2025-03,GWM,Tank 500,,RY1,36
2025-04,GWM,Tank 500,,RY1,31
2025-05,GWM,Tank 500,HEV Ultra 4WD,RY1,68
2025-06,GWM,Tank 500,HEV Ultra 4WD,RY1,53
2025-07,GWM,Tank 500,HEV Ultra 4WD,RY1,30
2025-08,GWM,Tank 500,,RY1,50
2025-09,GWM,Tank 500,,RY1,21
2025-10,GWM,Tank 500,HEV Ultra 4WD,RY1,31
2025-11,GWM,Tank 500,HEV Ultra 4WD,RY1,33
2025-12,GWM,Tank 500,,RY1,36
2023-01,Honda,City,1.0 Turbo SV,RY1,2314
2023-02,Honda,City,1.0 Turbo SV,RY1,375
2023-03,Honda,City,,RY1,2364
2023-04,Honda,City,,RY1,1847
2023-05,Honda,City,,RY1,2078
2023-06,Honda,City,,RY1,2011
2023-07,Honda,City,,RY1,3429
2023-08,Honda,City,e:HEV RS,RY1,2235
2023-09,Honda,City,,RY1,2081
2023-10,Honda,City,1.0 Turbo S+,RY1,1886
2023-11,Honda,City,,RY1,2879
2023-12,Honda,City,1.0 Turbo SV,RY1,2066
2024-01,Honda,City,,RY1,1633
2024-02,Honda,City,,RY1,1473
2024-03,Honda,City,1.0 Turbo S+,RY1,1392
2024-04,Honda,City,1.0 Turbo S+,RY1,2252
2024-05,Honda,City,,RY1,2399
2024-06,Honda,City,,RY1,3102
2024-07,Honda,City,,RY1,1460
2024-08,Honda,City,e:HEV SV,RY1,2777
2024-09,Honda,City,,RY1,1131
2024-10,Honda,City,,RY1,2439
2024-11,Honda,City,,RY1,2372
2024-12,Honda,City,,RY1,2607
2025-01,Honda,City,e:HEV SV,RY1,3647
2025-02,Honda,City,e:HEV RS,RY1,2539
2025-03,Honda,City,e:HEV RS,RY1,2106
2025-04,Honda,City,e:HEV RS,RY1,2624
2025-05,Honda,City,,RY1,3064
2025-06,Honda,City,,RY1,3120
2025-07,Honda,City,1.0 Turbo S+,RY1,2677
2025-08,Honda,City,1.0 Turbo SV,RY1,2386
2025-09,Honda,City,e:HEV RS,RY1,2842
2025-10,Honda,City,1.0 Turbo S+,RY1,1965
2025-11,Honda,City,e:HEV RS,RY1,2881
2025-12,Honda,City,1.0 Turbo SV,RY1,3713
2023-01,Honda,City Hatchback,,RY1,2547
2023-02,Honda,City Hatchback,,RY1,2605
2023-03,Honda,City Hatchback,1.0 Turbo SV,RY1,2461
2023-04,Honda,City Hatchback,e:HEV RS,RY1,2774
2023-05,Honda,City Hatchback,,RY1,1648
2023-06,Honda,City Hatchback,,RY1,1239
2023-07,Honda,City Hatchback,,RY1,2231
2023-08,Honda,City Hatchback,,RY1,1979
2023-09,Honda,City Hatchback,1.0 Turbo SV,RY1,2466
2023-10,Honda,City Hatchback,,RY1,2949
2023-11,Honda,City Hatchback,,RY1,1473
2023-12,Honda,City Hatchback,,RY1,1361
2024-01,Honda,City Hatchback,,RY1,2071
2024-02,Honda,City Hatchback,,RY1,1116
2024-03,Honda,City Hatchback,1.0 Turbo SV,RY1,2898
2024-04,Honda,City Hatchback,e:HEV RS,RY1,880
2024-05,Honda,City Hatchback,,RY1,3533
2024-06,Honda,City Hatchback,,RY1,3257
2024-07,Honda,City Hatchback,,RY1,2009
2024-08,Honda,City Hatchback,,RY1,1167
2024-09,Honda,City Hatchback,,RY1,1384
2024-10,Honda,City Hatchback,,RY1,2713
2024-11,Honda,City Hatchback,,RY1,1879
2024-12,Honda,City Hatchback,,RY1,1837
2025-01,Honda,City Hatchback,1.0 Turbo SV,RY1,1694
2025-02,Honda,City Hatchback,e:HEV RS,RY1,1516
2025-03,Honda,City Hatchback,e:HEV RS,RY1,2201
2025-04,Honda,City Hatchback,,RY1,2103
2025-05,Honda,City Hatchback,e:HEV RS,RY1,1257
2025-06,Honda,City Hatchback,,RY1,739
2025-07,Honda,City Hatchback,1.0 Turbo SV,RY1,1377
2025-08,Honda,City Hatchback,1.0 Turbo SV,RY1,193
2025-09,Honda,City Hatchback,,RY1,1629
2025-10,Honda,City Hatchback,,RY1,1468
2025-11,Honda,City Hatchback,,RY1,1828
2025-12,Honda,City Hatchback,e:HEV RS,RY1,933
2023-01,Honda,Civic,1.5 Turbo EL+,RY1,1226
2023-02,Honda,Civic,1.5 Turbo EL+,RY1,1605
2023-03,Honda,Civic,1.5 Turbo EL+,RY1,941
2023-04,Honda,Civic,1.5 Turbo EL+,RY1,1534
2023-05,Honda,Civic,1.5 Turbo EL+,RY1,1118
2023-06,Honda,Civic,1.5 Turbo EL+,RY1,1343
2023-07,Honda,Civic,,RY1,1961
2023-08,Honda,Civic,,RY1,2219
2023-09,Honda,Civic,,RY1,991
2023-10,Honda,Civic,,RY1,1474
2023-11,Honda,Civic,,RY1,1553
2023-12,Honda,Civic,,RY1,1142
2024-01,Honda,Civic,,RY1,942
2024-02,Honda,Civic,,RY1,1265
2024-03,Honda,Civic,,RY1,1020
2024-04,Honda,Civic,,RY1,534
2024-05,Honda,Civic,1.5 Turbo EL+,RY1,1868
2024-06,Honda,Civic,,RY1,1354
2024-07,Honda,Civic,,RY1,1939
2024-08,Honda,Civic,,RY1,1484
2024-09,Honda,Civic,,RY1,2422
2024-10,Honda,Civic,1.5 Turbo EL+,RY1,1621
2024-11,Honda,Civic,,RY1,1176
2024-12,Honda,Civic,e:HEV RS,RY1,1390
2025-01,Honda,Civic,e:HEV RS,RY1,2181
2025-02,Honda,Civic,,RY1,1472
2025-03,Honda,Civic,,RY1,1813
2025-04,Honda,Civic,,RY1,1778
2025-05,Honda,Civic,,RY1,1142
2025-06,Honda,Civic,,RY1,2223
2025-07,Honda,Civic,e:HEV RS,RY1,1796
2025-08,Honda,Civic,,RY1,1448
2025-09,Honda,Civic,,RY1,2266
2025-10,Honda,Civic,e:HEV RS,RY1,1508
2025-11,Honda,Civic,,RY1,1584
2025-12,Honda,Civic,,RY1,1481
2023-04,Honda,Accord,,RY1,708
2023-05,Honda,Accord,,RY1,188
2023-06,Honda,Accord,,RY1,386
2023-07,Honda,Accord,,RY1,332
2023-08,Honda,Accord,,RY1,619
2023-09,Honda,Accord,e:HEV EL,RY1,682
2023-10,Honda,Accord,,RY1,470
2023-11,Honda,Accord,,RY1,570
2023-12,Honda,Accord,,RY1,874
2024-01,Honda,Accord,e:HEV EL,RY1,556
2024-02,Honda,Accord,,RY1,594
2024-03,Honda,Accord,,RY1,354
2024-04,Honda,Accord,,RY1,445
2024-05,Honda,Accord,e:HEV EL,RY1,809
2024-06,Honda,Accord,e:HEV EL,RY1,403
2024-07,Honda,Accord,e:HEV EL,RY1,450
2024-08,Honda,Accord,,RY1,843
2024-09,Honda,Accord,,RY1,887
2024-10,Honda,Accord,,RY1,979
2024-11,Honda,Accord,e:HEV EL,RY1,464
2024-12,Honda,Accord,,RY1,687
2025-01,Honda,Accord,,RY1,819
2025-02,Honda,Accord,,RY1,556
2025-03,Honda,Accord,,RY1,934
2025-04,Honda,Accord,,RY1,748
2025-05,Honda,Accord,e:HEV EL,RY1,1056
2025-06,Honda,Accord,,RY1,917
2025-07,Honda,Accord,e:HEV EL,RY1,341
2025-08,Honda,Accord,e:HEV EL,RY1,654
2025-09,Honda,Accord,,RY1,579
2025-10,Honda,Accord,,RY1,839
2025-11,Honda,Accord,e:HEV EL,RY1,839
2025-12,Honda,Accord,,RY1,880
2023-01,Honda,HR-V,,RY1,2289
2023-02,Honda,HR-V,e:HEV RS,RY1,2013
2023-03,Honda,HR-V,,RY1,3445
2023-04,Honda,HR-V,,RY1,2855
2023-05,Honda,HR-V,,RY1,3159
2023-06,Honda,HR-V,,RY1,2607
2023-07,Honda,HR-V,,RY1,1947
2023-08,Honda,HR-V,,RY1,2654
2023-09,Honda,HR-V,e:HEV E,RY1,3484
2023-10,Honda,HR-V,,RY1,2581
2023-11,Honda,HR-V,,RY1,1552
2023-12,Honda,HR-V,e:HEV RS,RY1,2532
2024-01,Honda,HR-V,e:HEV E,RY1,2666
2024-02,Honda,HR-V,,RY1,2586
2024-03,Honda,HR-V,,RY1,2381
2024-04,Honda,HR-V,e:HEV E,RY1,2467
2024-05,Honda,HR-V,,RY1,2382
2024-06,Honda,HR-V,e:HEV E,RY1,2632
2024-07,Honda,HR-V,,RY1,3053
2024-08,Honda,HR-V,,RY1,1890
2024-09,Honda,HR-V,,RY1,2756
2024-10,Honda,HR-V,,RY1,2260
2024-11,Honda,HR-V,,RY1,1794
2024-12,Honda,HR-V,e:HEV E,RY1,2990
2025-01,Honda,HR-V,e:HEV E,RY1,2618
2025-02,Honda,HR-V,,RY1,3134
2025-03,Honda,HR-V,,RY1,2782
2025-04,Honda,HR-V,,RY1,2474
2025-05,Honda,HR-V,,RY1,2234
2025-06,Honda,HR-V,e:HEV E,RY1,3378
2025-07,Honda,HR-V,,RY1,2617
2025-08,Honda,HR-V,e:HEV RS,RY1,3552
2025-09,Honda,HR-V,,RY1,3319
2025-10,Honda,HR-V,e:HEV RS,RY1,2074
2025-11,Honda,HR-V,e:HEV E,RY1,3651
2025-12,Honda,HR-V,,RY1,1918
2023-11,Honda,CR-V,,RY1,1121
2023-12,Honda,CR-V,2.0 e:HEV ES 4WD,RY1,988
2024-01,Honda,CR-V,,RY1,769
2024-02,Honda,CR-V,,RY1,341
2024-03,Honda,CR-V,,RY1,1788
2024-04,Honda,CR-V,,RY1,1480
2024-05,Honda,CR-V,2.0 e:HEV RS,RY1,1516
2024-06,Honda,CR-V,,RY1,1526
2024-07,Honda,CR-V,,RY1,1810
2024-08,Honda,CR-V,,RY1,1206
2024-09,Honda,CR-V,,RY1,828
2024-10,Honda,CR-V,,RY1,1041
2024-11,Honda,CR-V,2.0 e:HEV RS,RY1,1917
2024-12,Honda,CR-V,2.0 e:HEV ES 4WD,RY1,1249
2025-01,Honda,CR-V,2.0 e:HEV RS,RY1,970
2025-02,Honda,CR-V,,RY1,1088
2025-03,Honda,CR-V,,RY1,2141
2025-04,Honda,CR-V,,RY1,1504
2025-05,Honda,CR-V,,RY1,1804
2025-06,Honda,CR-V,2.0 e:HEV ES 4WD,RY1,872
2025-07,Honda,CR-V,,RY1,1238
2025-08,Honda,CR-V,2.0 e:HEV RS,RY1,1542
2025-09,Honda,CR-V,,RY1,1492
2025-10,Honda,CR-V,,RY1,1550
2025-11,Honda,CR-V,,RY1,1586
2025-12,Honda,CR-V,2.0 e:HEV ES 4WD,RY1,1312
2023-08,Honda,WR-V,,RY1,1606
2023-09,Honda,WR-V,1.5 SV,RY1,1424
2023-10,Honda,WR-V,,RY1,1607
2023-11,Honda,WR-V,,RY1,1600
2023-12,Honda,WR-V,1.5 SV,RY1,2595
2024-01,Honda,WR-V,,RY1,2832
2024-02,Honda,WR-V,,RY1,1778
2024-03,Honda,WR-V,,RY1,2390
2024-04,Honda,WR-V,,RY1,1993
2024-05,Honda,WR-V,,RY1,2038
2024-06,Honda,WR-V,1.5 RS,RY1,1075
2024-07,Honda,WR-V,1.5 RS,RY1,2772
2024-08,Honda,WR-V,,RY1,2794
2024-09,Honda,WR-V,,RY1,1918
2024-10,Honda,WR-V,1.5 RS,RY1,1595
2024-11,Honda,WR-V,1.5 SV,RY1,1787
2024-12,Honda,WR-V,,RY1,1311
2025-01,Honda,WR-V,,RY1,1437
2025-02,Honda,WR-V,1.5 RS,RY1,1013
2025-03,Honda,WR-V,,RY1,605
2025-04,Honda,WR-V,,RY1,1451
2025-05,Honda,WR-V,,RY1,1911
2025-06,Honda,WR-V,1.5 SV,RY1,2334
2025-07,Honda,WR-V,1.5 SV,RY1,3050
2025-08,Honda,WR-V,,RY1,2163
2025-09,Honda,WR-V,1.5 SV,RY1,517
2025-10,Honda,WR-V,,RY1,1924
2025-11,Honda,WR-V,,RY1,1327
2025-12,Honda,WR-V,1.5 RS,RY1,2743
2023-01,Honda,BR-V,,RY1,1714
2023-02,Honda,BR-V,1.5 EL,RY1,2151
2023-03,Honda,BR-V,,RY1,2075
2023-04,Honda,BR-V,,RY1,2024
2023-05,Honda,BR-V,1.5 EL,RY1,2505
2023-06,Honda,BR-V,1.5 EL,RY1,1605
2023-07,Honda,BR-V,,RY1,2292
2023-08,Honda,BR-V,,RY1,2451
2023-09,Honda,BR-V,1.5 EL,RY1,1657
2023-10,Honda,BR-V,,RY1,1152
2023-11,Honda,BR-V,,RY1,948
2023-12,Honda,BR-V,,RY1,1872
2024-01,Honda,BR-V,,RY1,1402
2024-02,Honda,BR-V,,RY1,1357
2024-03,Honda,BR-V,,RY1,2291
2024-04,Honda,BR-V,1.5 EL,RY1,1885
2024-05,Honda,BR-V,1.5 EL,RY1,2849
2024-06,Honda,BR-V,1.5 EL,RY1,2832
2024-07,Honda,BR-V,1.5 EL,RY1,1038
2024-08,Honda,BR-V,,RY1,1806
2024-09,Honda,BR-V,1.5 EL,RY1,1685
2024-10,Honda,BR-V,1.5 EL,RY1,1650
2024-11,Honda,BR-V,,RY1,1132
2024-12,Honda,BR-V,1.5 EL,RY1,2678
2025-01,Honda,BR-V,,RY1,2209
2025-02,Honda,BR-V,,RY1,1746
2025-03,Honda,BR-V,,RY1,2419
2025-04,Honda,BR-V,,RY1,2328
2025-05,Honda,BR-V,,RY1,1629
2025-06,Honda,BR-V,,RY1,1897
2025-07,Honda,BR-V,,RY1,1873
2025-08,Honda,BR-V,1.5 EL,RY1,1698
2025-09,Honda,BR-V,1.5 EL,RY1,1475
2025-10,Honda,BR-V,1.5 EL,RY1,2226
2025-11,Honda,BR-V,,RY1,3286
2025-12,Honda,BR-V,,RY1,1806
2024-01,Honda,e:N1,,RY1,1993
2024-02,Honda,e:N1,,RY1,1641
2024-03,Honda,e:N1,,RY1,2022
2024-04,Honda,e:N1,e:N1,RY1,2981
2024-05,Honda,e:N1,e:N1,RY1,2082
2024-06,Honda,e:N1,e:N1,RY1,3027
2024-07,Honda,e:N1,,RY1,1897
2024-08,Honda,e:N1,,RY1,3894
2024-09,Honda,e:N1,,RY1,1899
2024-10,Honda,e:N1,,RY1,1004
2024-11,Honda,e:N1,,RY1,1514
2024-12,Honda,e:N1,e:N1,RY1,2793
2025-01,Honda,e:N1,e:N1,RY1,1919
2025-02,Honda,e:N1,e:N1,RY1,2474
2025-03,Honda,e:N1,e:N1,RY1,1504
2025-04,Honda,e:N1,e:N1,RY1,3233
2025-05,Honda,e:N1,e:N1,RY1,1578
2025-06,Honda,e:N1,,RY1,1610
2025-07,Honda,e:N1,,RY1,2167
2025-08,Honda,e:N1,e:N1,RY1,2402
2025-09,Honda,e:N1,e:N1,RY1,1931
2025-10,Honda,e:N1,,RY1,1380
2025-11,Honda,e:N1,,RY1,706
2025-12,Honda,e:N1,e:N1,RY1,1321
2023-01,Hyundai,Creta,,RY1,395
2023-02,Hyundai,Creta,,RY1,386
2023-03,Hyundai,Creta,1.5 SEL,RY1,136
2023-04,Hyundai,Creta,1.5 SEL,RY1,162
2023-05,Hyundai,Creta,,RY1,415
2023-06,Hyundai,Creta,1.5 SEL,RY1,315
2023-07,Hyundai,Creta,1.5 SEL,RY1,290
2023-08,Hyundai,Creta,,RY1,555
2023-09,Hyundai,Creta,,RY1,391
2023-10,Hyundai,Creta,,RY1,347
2023-11,Hyundai,Creta,1.5 SEL,RY1,244
2023-12,Hyundai,Creta,,RY1,394
2024-01,Hyundai,Creta,,RY1,460
2024-02,Hyundai,Creta,1.5 SEL,RY1,266
2024-03,Hyundai,Creta,,RY1,526
2024-04,Hyundai,Creta,,RY1,471
2024-05,Hyundai,Creta,1.5 SEL,RY1,336
2024-06,Hyundai,Creta,1.5 SEL,RY1,230
2024-07,Hyundai,Creta,1.5 SEL,RY1,436
2024-08,Hyundai,Creta,,RY1,227
2024-09,Hyundai,Creta,,RY1,222
2024-10,Hyundai,Creta,,RY1,426
2024-11,Hyundai,Creta,,RY1,118
2024-12,Hyundai,Creta,,RY1,186
2025-01,Hyundai,Creta,,RY1,217
2025-02,Hyundai,Creta,,RY1,280
2025-03,Hyundai,Creta,,RY1,452
2025-04,Hyundai,Creta,,RY1,297
2025-05,Hyundai,Creta,,RY1,381
2025-06,Hyundai,Creta,,RY1,265
2025-07,Hyundai,Creta,,RY1,328
2025-08,Hyundai,Creta,,RY1,100
2025-09,Hyundai,Creta,,RY1,319
2025-10,Hyundai,Creta,,RY1,284
2025-11,Hyundai,Creta,1.5 SEL,RY1,331
2025-12,Hyundai,Creta,1.5 SEL,RY1,358
2023-01,Hyundai,Stargazer,,RY1,508
2023-02,Hyundai,Stargazer,1.5 Smart,RY1,373
2023-03,Hyundai,Stargazer,,RY1,350
2023-04,Hyundai,Stargazer,1.5 Smart,RY1,451
2023-05,Hyundai,Stargazer,1.5 Smart,RY1,235
2023-06,Hyundai,Stargazer,1.5 Smart,RY1,341
2023-07,Hyundai,Stargazer,,RY1,344
2023-08,Hyundai,Stargazer,1.5 Smart,RY1,318
2023-09,Hyundai,Stargazer,,RY1,228
2023-10,Hyundai,Stargazer,,RY1,371
2023-11,Hyundai,Stargazer,1.5 Smart,RY1,370
2023-12,Hyundai,Stargazer,,RY1,395
2024-01,Hyundai,Stargazer,,RY1,218
2024-02,Hyundai,Stargazer,1.5 Smart,RY1,206
2024-03,Hyundai,Stargazer,,RY1,580
2024-04,Hyundai,Stargazer,,RY1,274
2024-05,Hyundai,Stargazer,1.5 Smart,RY1,282
2024-06,Hyundai,Stargazer,,RY1,317
2024-07,Hyundai,Stargazer,,RY1,290
2024-08,Hyundai,Stargazer,,RY1,450
2024-09,Hyundai,Stargazer,,RY1,325
2024-10,Hyundai,Stargazer,,RY1,347
2024-11,Hyundai,Stargazer,1.5 Smart,RY1,312
2024-12,Hyundai,Stargazer,,RY1,349
2025-01,Hyundai,Stargazer,,RY1,253
2025-02,Hyundai,Stargazer,1.5 Smart,RY1,302
2025-03,Hyundai,Stargazer,,RY1,394
2025-04,Hyundai,Stargazer,,RY1,155
2025-05,Hyundai,Stargazer,,RY1,230
2025-06,Hyundai,Stargazer,,RY1,363
2025-07,Hyundai,Stargazer,,RY1,197
2025-08,Hyundai,Stargazer,1.5 Smart,RY1,340
2025-09,Hyundai,Stargazer,,RY1,405
2025-10,Hyundai,Stargazer,,RY1,305
2025-11,Hyundai,Stargazer,,RY1,185
2025-12,Hyundai,Stargazer,,RY1,214
2023-01,Hyundai,Ioniq 5,,RY1,200
2023-02,Hyundai,Ioniq 5,,RY1,149
2023-03,Hyundai,Ioniq 5,,RY1,283
2023-04,Hyundai,Ioniq 5,,RY1,316
2023-05,Hyundai,Ioniq 5,,RY1,111
2023-06,Hyundai,Ioniq 5,,RY1,132
2023-07,Hyundai,Ioniq 5,Exclusive,RY1,199
2023-08,Hyundai,Ioniq 5,,RY1,293
2023-09,Hyundai,Ioniq 5,,RY1,193
2023-10,Hyundai,Ioniq 5,,RY1,236
2023-11,Hyundai,Ioniq 5,,RY1,236
2023-12,Hyundai,Ioniq 5,,RY1,200
2024-01,Hyundai,Ioniq 5,,RY1,285
2024-02,Hyundai,Ioniq 5,,RY1,219
2024-03,Hyundai,Ioniq 5,,RY1,212
2024-04,Hyundai,Ioniq 5,,RY1,220
2024-05,Hyundai,Ioniq 5,Exclusive,RY1,183
2024-06,Hyundai,Ioniq 5,,RY1,83
2024-07,Hyundai,Ioniq 5,,RY1,368
2024-08,Hyundai,Ioniq 5,,RY1,327
2024-09,Hyundai,Ioniq 5,,RY1,345
2024-10,Hyundai,Ioniq 5,Exclusive,RY1,251
2024-11,Hyundai,Ioniq 5,,RY1,285
2024-12,Hyundai,Ioniq 5,,RY1,344
2025-01,Hyundai,Ioniq 5,,RY1,300
2025-02,Hyundai,Ioniq 5,Exclusive,RY1,333
2025-03,Hyundai,Ioniq 5,Exclusive,RY1,244
2025-04,Hyundai,Ioniq 5,Exclusive,RY1,167
2025-05,Hyundai,Ioniq 5,,RY1,404
2025-06,Hyundai,Ioniq 5,,RY1,257
2025-07,Hyundai,Ioniq 5,Exclusive,RY1,356
2025-08,Hyundai,Ioniq 5,,RY1,356
2025-09,Hyundai,Ioniq 5,,RY1,341
2025-10,Hyundai,Ioniq 5,,RY1,295
2025-11,Hyundai,Ioniq 5,,RY1,303
2025-12,Hyundai,Ioniq 5,Exclusive,RY1,415
2023-06,Hyundai,Ioniq 6,,RY1,58
2023-07,Hyundai,Ioniq 6,Exclusive,RY1,134
2023-08,Hyundai,Ioniq 6,Exclusive,RY1,154
2023-09,Hyundai,Ioniq 6,Exclusive,RY1,176
2023-10,Hyundai,Ioniq 6,,RY1,96
2023-11,Hyundai,Ioniq 6,,RY1,111
2023-12,Hyundai,Ioniq 6,,RY1,134
2024-01,Hyundai,Ioniq 6,,RY1,121
2024-02,Hyundai,Ioniq 6,,RY1,109
2024-04,Hyundai,Ioniq 6,Exclusive,RY1,147
2024-05,Hyundai,Ioniq 6,Exclusive,RY1,129
2024-06,Hyundai,Ioniq 6,,RY1,101
2024-07,Hyundai,Ioniq 6,,RY1,77
2024-08,Hyundai,Ioniq 6,,RY1,88
2024-09,Hyundai,Ioniq 6,,RY1,90
2024-10,Hyundai,Ioniq 6,,RY1,89
2024-11,Hyundai,Ioniq 6,,RY1,88
2024-12,Hyundai,Ioniq 6,,RY1,98
2025-01,Hyundai,Ioniq 6,,RY1,87
2025-02,Hyundai,Ioniq 6,,RY1,84
2025-03,Hyundai,Ioniq 6,Exclusive,RY1,55
2025-04,Hyundai,Ioniq 6,Exclusive,RY1,49
2025-05,Hyundai,Ioniq 6,,RY1,120
2025-06,Hyundai,Ioniq 6,,RY1,103
2025-07,Hyundai,Ioniq 6,Exclusive,RY1,121
2025-08,Hyundai,Ioniq 6,Exclusive,RY1,52
2025-09,Hyundai,Ioniq 6,Exclusive,RY1,59
2025-10,Hyundai,Ioniq 6,,RY1,58
2025-11,Hyundai,Ioniq 6,,RY1,84
2025-12,Hyundai,Ioniq 6,,RY1,96
2023-01,Hyundai,Staria,,RY2,27
2023-02,Hyundai,Staria,,RY2,33
2023-03,Hyundai,Staria,,RY2,27
2023-04,Hyundai,Staria,,RY2,27
2023-05,Hyundai,Staria,2.2 D Premium,RY2,32
2023-06,Hyundai,Staria,,RY2,35
2023-07,Hyundai,Staria,,RY2,42
2023-08,Hyundai,Staria,,RY2,23
2023-09,Hyundai,Staria,2.2 D Premium,RY2,34
2023-10,Hyundai,Staria,2.2 D Premium,RY2,31
2023-11,Hyundai,Staria,2.2 D Premium,RY2,33
2023-12,Hyundai,Staria,2.2 D Premium,RY2,33
2024-01,Hyundai,Staria,2.2 D Premium,RY2,39
2024-02,Hyundai,Staria,,RY2,28
2024-03,Hyundai,Staria,,RY2,50
2024-04,Hyundai,Staria,,RY2,52
2024-05,Hyundai,Staria,2.2 D Premium,RY2,43
2024-06,Hyundai,Staria,,RY2,35
2024-07,Hyundai,Staria,2.2 D Premium,RY2,34
2024-08,Hyundai,Staria,,RY2,34
2024-09,Hyundai,Staria,,RY2,56
2024-10,Hyundai,Staria,,RY2,54
2024-11,Hyundai,Staria,2.2 D Premium,RY2,41
2024-12,Hyundai,Staria,,RY2,38
2025-01,Hyundai,Staria,2.2 D Premium,RY2,42
2025-02,Hyundai,Staria,2.2 D Premium,RY2,45
2025-03,Hyundai,Staria,,RY2,33
2025-04,Hyundai,Staria,,RY2,40
2025-05,Hyundai,Staria,,RY2,33
2025-06,Hyundai,Staria,,RY2,47
2025-07,Hyundai,Staria,2.2 D Premium,RY2,56
2025-08,Hyundai,Staria,,RY2,34
2025-09,Hyundai,Staria,2.2 D Premium,RY2,38
2025-10,Hyundai,Staria,2.2 D Premium,RY2,51
2025-11,Hyundai,Staria,2.2 D Premium,RY2,37
2025-12,Hyundai,Staria,2.2 D Premium,RY2,44
2023-01,Isuzu,D-Max,,RY3,3616
2023-02,Isuzu,D-Max,,RY3,9669
2023-03,Isuzu,D-Max,,RY3,4844
2023-04,Isuzu,D-Max,,RY3,5496
2023-05,Isuzu,D-Max,,RY3,6237
2023-06,Isuzu,D-Max,,RY3,8741
2023-07,Isuzu,D-Max,1.9 Hi-Lander Cab4,RY3,8792
2023-08,Isuzu,D-Max,3.0 V-Cross 4x4 Double Cab,RY3,3929
2023-09,Isuzu,D-Max,,RY3,10086
2023-10,Isuzu,D-Max,,RY3,5566
2023-11,Isuzu,D-Max,1.9 Spark Single Cab,RY3,4986
2023-12,Isuzu,D-Max,,RY3,6210
2024-01,Isuzu,D-Max,,RY3,8031
2024-02,Isuzu,D-Max,,RY3,5891
2024-03,Isuzu,D-Max,1.9 Hi-Lander Double Cab,RY3,6412
2024-04,Isuzu,D-Max,,RY3,7331
2024-05,Isuzu,D-Max,,RY3,2697
2024-06,Isuzu,D-Max,1.9 Hi-Lander Double Cab,RY3,4669
2024-07,Isuzu,D-Max,1.9 Hi-Lander Double Cab,RY3,4004
2024-08,Isuzu,D-Max,,RY3,4335
2024-09,Isuzu,D-Max,,RY3,7399
2024-10,Isuzu,D-Max,,RY3,6305
2024-11,Isuzu,D-Max,,RY3,8063
2024-12,Isuzu,D-Max,,RY3,6993
2025-01,Isuzu,D-Max,,RY3,3578
2025-02,Isuzu,D-Max,,RY3,8415
2025-03,Isuzu,D-Max,1.9 Hi-Lander Double Cab,RY3,7573
2025-04,Isuzu,D-Max,1.9 Spark Single Cab,RY3,7590
2025-05,Isuzu,D-Max,1.9 Hi-Lander Double Cab,RY3,7276
2025-06,Isuzu,D-Max,,RY3,6088
2025-07,Isuzu,D-Max,1.9 Spark Single Cab,RY3,9940
2025-08,Isuzu,D-Max,1.9 Hi-Lander Cab4,RY3,5273
2025-09,Isuzu,D-Max,,RY3,5844
2025-10,Isuzu,D-Max,,RY3,10619
2025-11,Isuzu,D-Max,,RY3,8755
2025-12,Isuzu,D-Max,1.9 Spark Single Cab,RY3,9464
2023-01,Isuzu,MU-X,,RY1,1336
2023-02,Isuzu,MU-X,,RY1,1038
2023-03,Isuzu,MU-X,,RY1,318
2023-04,Isuzu,MU-X,,RY1,987
2023-05,Isuzu,MU-X,,RY1,1151
2023-06,Isuzu,MU-X,3.0 Ultimate 4x4,RY1,855
2023-07,Isuzu,MU-X,,RY1,1133
2023-08,Isuzu,MU-X,,RY1,864
2023-09,Isuzu,MU-X,,RY1,555
2023-10,Isuzu,MU-X,,RY1,812
2023-11,Isuzu,MU-X,,RY1,916
2023-12,Isuzu,MU-X,,RY1,826
2024-01,Isuzu,MU-X,,RY1,285
2024-02,Isuzu,MU-X,,RY1,1339
2024-03,Isuzu,MU-X,,RY1,801
2024-04,Isuzu,MU-X,,RY1,1076
2024-05,Isuzu,MU-X,3.0 Ultimate 4x4,RY1,1009
2024-06,Isuzu,MU-X,,RY1,942
2024-07,Isuzu,MU-X,1.9 Active,RY1,1314
2024-08,Isuzu,MU-X,,RY1,1020
2024-09,Isuzu,MU-X,,RY1,1316
2024-10,Isuzu,MU-X,1.9 Active,RY1,1248
2024-11,Isuzu,MU-X,,RY1,1642
2024-12,Isuzu,MU-X,3.0 Ultimate 4x4,RY1,1382
2025-01,Isuzu,MU-X,1.9 Active,RY1,1150
2025-02,Isuzu,MU-X,1.9 Active,RY1,1680
2025-03,Isuzu,MU-X,,RY1,1139
2025-04,Isuzu,MU-X,,RY1,1397
2025-05,Isuzu,MU-X,,RY1,1238
2025-06,Isuzu,MU-X,,RY1,1292
2025-07,Isuzu,MU-X,1.9 Active,RY1,1104
2025-08,Isuzu,MU-X,,RY1,1387
2025-09,Isuzu,MU-X,1.9 Active,RY1,1062
2025-10,Isuzu,MU-X,1.9 Active,RY1,1274
2025-11,Isuzu,MU-X,,RY1,978
2025-12,Isuzu,MU-X,,RY1,1331
2023-01,Kia,Carnival,,RY2,26
2023-02,Kia,Carnival,,RY2,14
2023-03,Kia,Carnival,2.2 D SXL,RY2,33
2023-04,Kia,Carnival,,RY2,27
2023-05,Kia,Carnival,2.2 D SXL,RY2,38
2023-06,Kia,Carnival,,RY2,37
2023-07,Kia,Carnival,,RY2,21
2023-08,Kia,Carnival,2.2 D SXL,RY2,27
2023-09,Kia,Carnival,,RY2,30
2023-10,Kia,Carnival,2.2 D SXL,RY2,32
2023-11,Kia,Carnival,,RY2,41
2023-12,Kia,Carnival,,RY2,21
2024-01,Kia,Carnival,,RY2,40
2024-02,Kia,Carnival,2.2 D SXL,RY2,56
2024-03,Kia,Carnival,,RY2,52
2024-04,Kia,Carnival,,RY2,10
2024-05,Kia,Carnival,,RY2,28
2024-06,Kia,Carnival,,RY2,32
2024-07,Kia,Carnival,2.2 D SXL,RY2,31
2024-08,Kia,Carnival,2.2 D SXL,RY2,53
2024-09,Kia,Carnival,,RY2,40
2024-10,Kia,Carnival,,RY2,40
2024-11,Kia,Carnival,2.2 D SXL,RY2,33
2024-12,Kia,Carnival,2.2 D SXL,RY2,39
2025-01,Kia,Carnival,,RY2,42
2025-02,Kia,Carnival,2.2 D SXL,RY2,38
2025-03,Kia,Carnival,2.2 D SXL,RY2,41
2025-04,Kia,Carnival,,RY2,32
2025-05,Kia,Carnival,,RY2,36
2025-06,Kia,Carnival,,RY2,23
2025-07,Kia,Carnival,,RY2,36
2025-08,Kia,Carnival,,RY2,23
2025-09,Kia,Carnival,,RY2,31
2025-10,Kia,Carnival,,RY2,19
2025-11,Kia,Carnival,,RY2,34
2025-12,Kia,Carnival,,RY2,47
2023-01,Kia,EV6,,RY1,165
2023-02,Kia,EV6,,RY1,173
2023-03,Kia,EV6,,RY1,194
2023-04,Kia,EV6,,RY1,183
2023-05,Kia,EV6,GT-Line,RY1,222
2023-06,Kia,EV6,GT-Line,RY1,279
2023-07,Kia,EV6,,RY1,179
2023-08,Kia,EV6,GT-Line,RY1,28
2023-09,Kia,EV6,,RY1,261
2023-10,Kia,EV6,GT-Line,RY1,250
2023-11,Kia,EV6,,RY1,99
2023-12,Kia,EV6,GT-Line,RY1,228
2024-01,Kia,EV6,GT-Line,RY1,270
2024-02,Kia,EV6,GT-Line,RY1,162
2024-03,Kia,EV6,GT-Line,RY1,215
2024-04,Kia,EV6,,RY1,100
2024-05,Kia,EV6,GT-Line,RY1,132
2024-06,Kia,EV6,,RY1,217
2024-07,Kia,EV6,GT-Line,RY1,157
2024-08,Kia,EV6,,RY1,185
2024-09,Kia,EV6,,RY1,217
2024-10,Kia,EV6,,RY1,150
2024-11,Kia,EV6,,RY1,278
2024-12,Kia,EV6,,RY1,144
2025-01,Kia,EV6,GT-Line,RY1,137
2025-02,Kia,EV6,,RY1,273
2025-03,Kia,EV6,GT-Line,RY1,249
2025-04,Kia,EV6,GT-Line,RY1,278
2025-05,Kia,EV6,,RY1,63
2025-06,Kia,EV6,GT-Line,RY1,236
2025-07,Kia,EV6,,RY1,173
2025-08,Kia,EV6,,RY1,210
2025-09,Kia,EV6,,RY1,147
2025-10,Kia,EV6,,RY1,240
2025-11,Kia,EV6,GT-Line,RY1,115
2025-12,Kia,EV6,,RY1,202
2024-01,Kia,EV9,,RY1,25
2024-02,Kia,EV9,,RY1,20
2024-03,Kia,EV9,GT-Line AWD,RY1,44
2024-04,Kia,EV9,GT-Line AWD,RY1,34
2024-05,Kia,EV9,,RY1,29
2024-06,Kia,EV9,,RY1,32
2024-07,Kia,EV9,,RY1,20
2024-08,Kia,EV9,,RY1,32
2024-09,Kia,EV9,,RY1,46
2024-10,Kia,EV9,GT-Line AWD,RY1,39
2024-11,Kia,EV9,,RY1,40
2024-12,Kia,EV9,,RY1,36
2025-01,Kia,EV9,GT-Line AWD,RY1,50
2025-02,Kia,EV9,,RY1,40
2025-03,Kia,EV9,,RY1,50
2025-04,Kia,EV9,GT-Line AWD,RY1,40
2025-05,Kia,EV9,GT-Line AWD,RY1,51
2025-06,Kia,EV9,,RY1,34
2025-07,Kia,EV9,,RY1,53
2025-08,Kia,EV9,,RY1,40
2025-09,Kia,EV9,,RY1,52
2025-10,Kia,EV9,,RY1,38
2025-11,Kia,EV9,,RY1,48
2025-12,Kia,EV9,,RY1,38
2023-01,Lexus,ES,,RY1,20
2023-02,Lexus,ES,,RY1,31
2023-03,Lexus,ES,ES300h Grand Luxury,RY1,22
2023-04,Lexus,ES,,RY1,28
2023-05,Lexus,ES,,RY1,25
2023-06,Lexus,ES,,RY1,36
2023-07,Lexus,ES,,RY1,36
2023-08,Lexus,ES,,RY1,30
2023-09,Lexus,ES,ES300h Grand Luxury,RY1,22
2023-10,Lexus,ES,,RY1,17
2023-11,Lexus,ES,,RY1,15
2023-12,Lexus,ES,,RY1,30
2024-01,Lexus,ES,ES300h Grand Luxury,RY1,29
2024-02,Lexus,ES,ES300h Grand Luxury,RY1,28
2024-03,Lexus,ES,ES300h Grand Luxury,RY1,29
2024-04,Lexus,ES,ES300h Grand Luxury,RY1,15
2024-05,Lexus,ES,,RY1,33
2024-06,Lexus,ES,ES300h Grand Luxury,RY1,28
2024-07,Lexus,ES,ES300h Grand Luxury,RY1,11
2024-08,Lexus,ES,,RY1,18
2024-09,Lexus,ES,,RY1,28
2024-10,Lexus,ES,,RY1,36
2024-11,Lexus,ES,,RY1,36
2024-12,Lexus,ES,,RY1,22
2025-01,Lexus,ES,,RY1,21
2025-02,Lexus,ES,ES300h Grand Luxury,RY1,28
2025-03,Lexus,ES,,RY1,24
2025-04,Lexus,ES,,RY1,16
2025-05,Lexus,ES,,RY1,13
2025-06,Lexus,ES,,RY1,19
2025-07,Lexus,ES,ES300h Grand Luxury,RY1,20
2025-08,Lexus,ES,,RY1,4
2025-09,Lexus,ES,ES300h Grand Luxury,RY1,17
2025-10,Lexus,ES,,RY1,43
2025-11,Lexus,ES,,RY1,29
2025-12,Lexus,ES,,RY1,25
2023-01,Lexus,NX,,RY1,66
2023-02,Lexus,NX,NX350h Premium,RY1,145
2023-03,Lexus,NX,NX350h Premium,RY1,87
2023-04,Lexus,NX,NX350h Premium,RY1,96
2023-05,Lexus,NX,NX350h Premium,RY1,83
2023-06,Lexus,NX,,RY1,96
2023-07,Lexus,NX,NX350h Premium,RY1,68
2023-08,Lexus,NX,,RY1,129
2023-09,Lexus,NX,,RY1,56
2023-10,Lexus,NX,,RY1,133
2023-11,Lexus,NX,,RY1,134
2023-12,Lexus,NX,,RY1,41
2024-01,Lexus,NX,NX350h Premium,RY1,90
2024-02,Lexus,NX,,RY1,138
2024-03,Lexus,NX,,RY1,161
2024-04,Lexus,NX,,RY1,91
2024-05,Lexus,NX,NX350h Premium,RY1,119
2024-06,Lexus,NX,,RY1,108
2024-07,Lexus,NX,,RY1,145
2024-08,Lexus,NX,NX350h Premium,RY1,183
2024-09,Lexus,NX,NX350h Premium,RY1,107
2024-10,Lexus,NX,NX350h Premium,RY1,126
2024-11,Lexus,NX,NX350h Premium,RY1,85
2024-12,Lexus,NX,,RY1,163
2025-01,Lexus,NX,,RY1,153
2025-02,Lexus,NX,NX350h Premium,RY1,111
2025-03,Lexus,NX,,RY1,106
2025-04,Lexus,NX,,RY1,106
2025-05,Lexus,NX,,RY1,139
2025-06,Lexus,NX,,RY1,172
2025-07,Lexus,NX,NX350h Premium,RY1,152
2025-08,Lexus,NX,,RY1,135
2025-09,Lexus,NX,NX350h Premium,RY1,163
2025-10,Lexus,NX,,RY1,177
2025-11,Lexus,NX,,RY1,109
2025-12,Lexus,NX,NX350h Premium,RY1,170
2023-01,Lexus,RX,RX350h Premium,RY1,32
2023-02,Lexus,RX,RX350h Premium,RY1,44
2023-03,Lexus,RX,,RY1,32
2023-04,Lexus,RX,RX350h Premium,RY1,38
2023-05,Lexus,RX,,RY1,39
2023-06,Lexus,RX,,RY1,29
2023-07,Lexus,RX,,RY1,38
2023-08,Lexus,RX,RX350h Premium,RY1,30
2023-09,Lexus,RX,RX350h Premium,RY1,18
2023-10,Lexus,RX,RX350h Premium,RY1,37
2023-11,Lexus,RX,,RY1,30
2023-12,Lexus,RX,,RY1,50
2024-01,Lexus,RX,,RY1,17
2024-02,Lexus,RX,,RY1,30
2024-03,Lexus,RX,RX350h Premium,RY1,34
2024-04,Lexus,RX,,RY1,36
2024-05,Lexus,RX,,RY1,34
2024-06,Lexus,RX,,RY1,24
2024-07,Lexus,RX,,RY1,49
2024-08,Lexus,RX,,RY1,24
2024-09,Lexus,RX,,RY1,37
2024-10,Lexus,RX,,RY1,28
2024-11,Lexus,RX,,RY1,46
2024-12,Lexus,RX,,RY1,44
2025-01,Lexus,RX,,RY1,36
2025-02,Lexus,RX,,RY1,32
2025-03,Lexus,RX,,RY1,47
2025-04,Lexus,RX,RX350h Premium,RY1,31
2025-05,Lexus,RX,RX350h Premium,RY1,44
2025-06,Lexus,RX,RX350h Premium,RY1,32
2025-07,Lexus,RX,,RY1,48
2025-08,Lexus,RX,RX350h Premium,RY1,48
2025-09,Lexus,RX,,RY1,50
2025-10,Lexus,RX,,RY1,45
2025-11,Lexus,RX,,RY1,34
2025-12,Lexus,RX,RX350h Premium,RY1,32
2024-01,Lexus,LM,,RY1,27
2024-02,Lexus,LM,,RY1,27
2024-03,Lexus,LM,,RY1,32
2024-04,Lexus,LM,,RY1,29
2024-05,Lexus,LM,,RY1,34
2024-06,Lexus,LM,,RY1,17
2024-07,Lexus,LM,,RY1,22
2024-08,Lexus,LM,,RY1,22
2024-09,Lexus,LM,,RY1,40
2024-10,Lexus,LM,,RY1,21
2024-11,Lexus,LM,,RY1,23
2024-12,Lexus,LM,,RY1,34
2025-01,Lexus,LM,LM350h Executive,RY1,32
2025-02,Lexus,LM,LM350h Executive,RY1,22
2025-03,Lexus,LM,,RY1,30
2025-04,Lexus,LM,LM350h Executive,RY1,22
2025-05,Lexus,LM,,RY1,16
2025-06,Lexus,LM,,RY1,24
2025-07,Lexus,LM,,RY1,29
2025-08,Lexus,LM,LM350h Executive,RY1,42
2025-09,Lexus,LM,LM350h Executive,RY1,26
2025-10,Lexus,LM,LM350h Executive,RY1,22
2025-11,Lexus,LM,,RY1,35
2025-12,Lexus,LM,,RY1,17
2023-01,Mazda,Mazda2,1.3 SP Hatchback,RY1,589
2023-02,Mazda,Mazda2,,RY1,504
2023-03,Mazda,Mazda2,,RY1,607
2023-04,Mazda,Mazda2,1.3 SP Hatchback,RY1,278
2023-05,Mazda,Mazda2,,RY1,427
2023-06,Mazda,Mazda2,1.3 SP Hatchback,RY1,385
2023-07,Mazda,Mazda2,,RY1,660
2023-08,Mazda,Mazda2,,RY1,469
2023-09,Mazda,Mazda2,,RY1,618
2023-10,Mazda,Mazda2,1.3 S Sedan,RY1,506
2023-11,Mazda,Mazda2,,RY1,501
2023-12,Mazda,Mazda2,,RY1,616
2024-01,Mazda,Mazda2,,RY1,564
2024-02,Mazda,Mazda2,1.3 S Sedan,RY1,618
2024-03,Mazda,Mazda2,,RY1,607
2024-04,Mazda,Mazda2,,RY1,750
2024-05,Mazda,Mazda2,1.3 S Sedan,RY1,761
2024-06,Mazda,Mazda2,,RY1,845
2024-07,Mazda,Mazda2,1.3 S Sedan,RY1,302
2024-08,Mazda,Mazda2,,RY1,741
2024-09,Mazda,Mazda2,,RY1,747
2024-10,Mazda,Mazda2,,RY1,765
2024-11,Mazda,Mazda2,,RY1,803
2024-12,Mazda,Mazda2,,RY1,752
2025-01,Mazda,Mazda2,,RY1,951
2025-02,Mazda,Mazda2,1.3 S Sedan,RY1,625
2025-03,Mazda,Mazda2,1.3 SP Hatchback,RY1,659
2025-04,Mazda,Mazda2,,RY1,772
2025-05,Mazda,Mazda2,1.3 S Sedan,RY1,620
2025-06,Mazda,Mazda2,1.3 S Sedan,RY1,895
2025-07,Mazda,Mazda2,,RY1,439
2025-08,Mazda,Mazda2,,RY1,785
2025-09,Mazda,Mazda2,,RY1,699
2025-10,Mazda,Mazda2,1.3 SP Hatchback,RY1,693
2025-11,Mazda,Mazda2,,RY1,593
2025-12,Mazda,Mazda2,,RY1,877
2023-01,Mazda,Mazda3,,RY1,366
2023-02,Mazda,Mazda3,2.0 SP,RY1,663
2023-03,Mazda,Mazda3,2.0 SP,RY1,419
2023-04,Mazda,Mazda3,,RY1,252
2023-05,Mazda,Mazda3,2.0 SP,RY1,456
2023-06,Mazda,Mazda3,2.0 SP,RY1,472
2023-07,Mazda,Mazda3,,RY1,265
2023-08,Mazda,Mazda3,2.0 SP,RY1,340
2023-09,Mazda,Mazda3,2.0 SP,RY1,474
2023-10,Mazda,Mazda3,,RY1,370
2023-11,Mazda,Mazda3,,RY1,208
2023-12,Mazda,Mazda3,2.0 SP,RY1,453
2024-01,Mazda,Mazda3,2.0 SP,RY1,283
2024-02,Mazda,Mazda3,,RY1,435
2024-03,Mazda,Mazda3,2.0 SP,RY1,336
2024-04,Mazda,Mazda3,,RY1,404
2024-05,Mazda,Mazda3,2.0 SP,RY1,507
2024-06,Mazda,Mazda3,,RY1,383
2024-07,Mazda,Mazda3,,RY1,248
2024-08,Mazda,Mazda3,,RY1,328
2024-09,Mazda,Mazda3,2.0 SP,RY1,363
2024-10,Mazda,Mazda3,,RY1,403
2024-11,Mazda,Mazda3,,RY1,543
2024-12,Mazda,Mazda3,,RY1,403
2025-01,Mazda,Mazda3,2.0 SP,RY1,79
2025-02,Mazda,Mazda3,,RY1,466
2025-03,Mazda,Mazda3,,RY1,504
2025-04,Mazda,Mazda3,,RY1,143
2025-05,Mazda,Mazda3,,RY1,276
2025-06,Mazda,Mazda3,2.0 SP,RY1,400
2025-07,Mazda,Mazda3,2.0 SP,RY1,514
2025-08,Mazda,Mazda3,,RY1,505
2025-09,Mazda,Mazda3,,RY1,320
2025-10,Mazda,Mazda3,2.0 SP,RY1,510
2025-11,Mazda,Mazda3,,RY1,360
2025-12,Mazda,Mazda3,,RY1,579
2023-01,Mazda,CX-3,2.0 Base Plus,RY1,391
2023-02,Mazda,CX-3,2.0 Base Plus,RY1,439
2023-03,Mazda,CX-3,,RY1,1092
2023-04,Mazda,CX-3,,RY1,402
2023-05,Mazda,CX-3,,RY1,964
2023-06,Mazda,CX-3,,RY1,682
2023-07,Mazda,CX-3,,RY1,847
2023-08,Mazda,CX-3,2.0 Base Plus,RY1,723
2023-09,Mazda,CX-3,,RY1,241
2023-10,Mazda,CX-3,2.0 Base Plus,RY1,665
2023-11,Mazda,CX-3,2.0 Base Plus,RY1,572
2023-12,Mazda,CX-3,2.0 Base Plus,RY1,854
2024-01,Mazda,CX-3,,RY1,759
2024-02,Mazda,CX-3,2.0 Base Plus,RY1,1053
2024-03,Mazda,CX-3,,RY1,398
2024-04,Mazda,CX-3,2.0 Base Plus,RY1,583
2024-05,Mazda,CX-3,2.0 Base Plus,RY1,721
2024-06,Mazda,CX-3,,RY1,600
2024-07,Mazda,CX-3,2.0 Base Plus,RY1,462
2024-08,Mazda,CX-3,,RY1,554
2024-09,Mazda,CX-3,,RY1,776
2024-10,Mazda,CX-3,2.0 Base Plus,RY1,703
2024-11,Mazda,CX-3,,RY1,821
2024-12,Mazda,CX-3,,RY1,988
2025-01,Mazda,CX-3,2.0 Base Plus,RY1,982
2025-02,Mazda,CX-3,,RY1,447
2025-03,Mazda,CX-3,,RY1,864
2025-04,Mazda,CX-3,,RY1,1018
2025-05,Mazda,CX-3,,RY1,570
2025-06,Mazda,CX-3,2.0 Base Plus,RY1,864
2025-07,Mazda,CX-3,,RY1,677
2025-08,Mazda,CX-3,,RY1,934
2025-09,Mazda,CX-3,2.0 Base Plus,RY1,625
2025-10,Mazda,CX-3,,RY1,697
2025-11,Mazda,CX-3,2.0 Base Plus,RY1,693
2025-12,Mazda,CX-3,,RY1,932
2023-01,Mazda,CX-30,2.0 SP,RY1,458
2023-02,Mazda,CX-30,,RY1,331
2023-03,Mazda,CX-30,,RY1,247
2023-04,Mazda,CX-30,2.0 SP,RY1,305
2023-05,Mazda,CX-30,,RY1,305
2023-06,Mazda,CX-30,2.0 SP,RY1,344
2023-07,Mazda,CX-30,,RY1,418
2023-08,Mazda,CX-30,2.0 SP,RY1,309
2023-09,Mazda,CX-30,,RY1,345
2023-10,Mazda,CX-30,,RY1,481
2023-11,Mazda,CX-30,,RY1,528
2023-12,Mazda,CX-30,,RY1,367
2024-01,Mazda,CX-30,2.0 SP,RY1,301
2024-02,Mazda,CX-30,2.0 SP,RY1,429
2024-03,Mazda,CX-30,2.0 SP,RY1,216
2024-04,Mazda,CX-30,,RY1,402
2024-05,Mazda,CX-30,,RY1,258
2024-06,Mazda,CX-30,2.0 SP,RY1,412
2024-07,Mazda,CX-30,2.0 SP,RY1,430
2024-08,Mazda,CX-30,,RY1,253
2024-09,Mazda,CX-30,,RY1,456
2024-10,Mazda,CX-30,2.0 SP,RY1,333
2024-11,Mazda,CX-30,2.0 SP,RY1,315
2024-12,Mazda,CX-30,2.0 SP,RY1,519
2025-01,Mazda,CX-30,,RY1,523
2025-02,Mazda,CX-30,,RY1,462
2025-03,Mazda,CX-30,,RY1,464
2025-04,Mazda,CX-30,,RY1,489
2025-05,Mazda,CX-30,2.0 SP,RY1,529
2025-06,Mazda,CX-30,2.0 SP,RY1,470
2025-07,Mazda,CX-30,,RY1,340
2025-08,Mazda,CX-30,2.0 SP,RY1,512
2025-09,Mazda,CX-30,,RY1,494
2025-10,Mazda,CX-30,2.0 SP,RY1,425
2025-11,Mazda,CX-30,2.0 SP,RY1,340
2025-12,Mazda,CX-30,,RY1,396
2023-01,Mazda,CX-5,2.0 SP,RY1,186
2023-02,Mazda,CX-5,,RY1,282
2023-03,Mazda,CX-5,,RY1,218
2023-04,Mazda,CX-5,,RY1,207
2023-05,Mazda,CX-5,2.0 SP,RY1,209
2023-06,Mazda,CX-5,,RY1,195
2023-07,Mazda,CX-5,,RY1,161
2023-08,Mazda,CX-5,2.0 SP,RY1,160
2023-09,Mazda,CX-5,,RY1,234
2023-10,Mazda,CX-5,,RY1,193
2023-11,Mazda,CX-5,,RY1,144
2023-12,Mazda,CX-5,2.0 SP,RY1,236
2024-01,Mazda,CX-5,,RY1,134
2024-02,Mazda,CX-5,2.0 SP,RY1,230
2024-03,Mazda,CX-5,,RY1,185
2024-04,Mazda,CX-5,2.0 SP,RY1,198
2024-05,Mazda,CX-5,,RY1,159
2024-06,Mazda,CX-5,,RY1,209
2024-07,Mazda,CX-5,2.0 SP,RY1,186
2024-08,Mazda,CX-5,,RY1,215
2024-09,Mazda,CX-5,,RY1,181
2024-10,Mazda,CX-5,2.0 SP,RY1,242
2024-11,Mazda,CX-5,,RY1,164
2024-12,Mazda,CX-5,,RY1,236
2025-01,Mazda,CX-5,,RY1,122
2025-02,Mazda,CX-5,,RY1,204
2025-03,Mazda,CX-5,2.0 SP,RY1,320
2025-04,Mazda,CX-5,2.0 SP,RY1,288
2025-05,Mazda,CX-5,,RY1,221
2025-06,Mazda,CX-5,,RY1,237
2025-07,Mazda,CX-5,,RY1,184
2025-08,Mazda,CX-5,,RY1,180
2025-09,Mazda,CX-5,,RY1,319
2025-10,Mazda,CX-5,,RY1,218
2025-11,Mazda,CX-5,,RY1,274
2025-12,Mazda,CX-5,2.0 SP,RY1,222
2023-01,Mazda,CX-8,,RY1,148
2023-02,Mazda,CX-8,,RY1,189
2023-03,Mazda,CX-8,,RY1,154
2023-04,Mazda,CX-8,2.5 SP,RY1,179
2023-05,Mazda,CX-8,2.5 SP,RY1,161
2023-06,Mazda,CX-8,2.5 SP,RY1,141
2023-07,Mazda,CX-8,2.5 SP,RY1,116
2023-08,Mazda,CX-8,,RY1,268
2023-09,Mazda,CX-8,2.5 SP,RY1,135
2023-10,Mazda,CX-8,,RY1,122
2023-11,Mazda,CX-8,2.5 SP,RY1,217
2023-12,Mazda,CX-8,,RY1,70
2024-01,Mazda,CX-8,2.5 SP,RY1,168
2024-02,Mazda,CX-8,,RY1,170
2024-03,Mazda,CX-8,,RY1,93
2024-04,Mazda,CX-8,,RY1,76
2024-05,Mazda,CX-8,2.5 SP,RY1,111
2024-06,Mazda,CX-8,,RY1,134
2024-07,Mazda,CX-8,2.5 SP,RY1,104
2024-08,Mazda,CX-8,,RY1,173
2024-09,Mazda,CX-8,,RY1,67
2024-10,Mazda,CX-8,,RY1,100
2024-11,Mazda,CX-8,,RY1,64
2024-12,Mazda,CX-8,,RY1,119
2025-01,Mazda,CX-8,,RY1,80
2025-02,Mazda,CX-8,,RY1,200
2025-03,Mazda,CX-8,2.5 SP,RY1,164
2025-04,Mazda,CX-8,2.5 SP,RY1,123
2025-05,Mazda,CX-8,,RY1,170
2025-06,Mazda,CX-8,2.5 SP,RY1,86
2025-07,Mazda,CX-8,,RY1,161
2025-08,Mazda,CX-8,2.5 SP,RY1,164
2025-09,Mazda,CX-8,2.5 SP,RY1,161
2025-10,Mazda,CX-8,,RY1,101
2025-11,Mazda,CX-8,,RY1,73
2025-12,Mazda,CX-8,,RY1,135
2023-01,Mazda,BT-50,1.9 S Single Cab,RY3,874
2023-02,Mazda,BT-50,1.9 S Single Cab,RY3,1284
2023-03,Mazda,BT-50,1.9 S Single Cab,RY3,1063
2023-04,Mazda,BT-50,,RY3,1389
2023-05,Mazda,BT-50,1.9 S Single Cab,RY3,1075
2023-06,Mazda,BT-50,,RY3,1793
2023-07,Mazda,BT-50,,RY3,1491
2023-08,Mazda,BT-50,1.9 S Single Cab,RY3,1057
2023-09,Mazda,BT-50,3.0 SP 4x4 Double Cab,RY3,903
2023-10,Mazda,BT-50,3.0 SP 4x4 Double Cab,RY3,917
2023-11,Mazda,BT-50,1.9 S Single Cab,RY3,1262
2023-12,Mazda,BT-50,,RY3,1289
2024-01,Mazda,BT-50,,RY3,1582
2024-02,Mazda,BT-50,,RY3,924
2024-03,Mazda,BT-50,,RY3,1223
2024-04,Mazda,BT-50,,RY3,1156
2024-05,Mazda,BT-50,1.9 S Single Cab,RY3,1176
2024-06,Mazda,BT-50,1.9 S Single Cab,RY3,1569
2024-07,Mazda,BT-50,3.0 SP 4x4 Double Cab,RY3,1605
2024-08,Mazda,BT-50,,RY3,1076
2024-09,Mazda,BT-50,,RY3,1366
2024-10,Mazda,BT-50,,RY3,1907
2024-11,Mazda,BT-50,,RY3,929
2024-12,Mazda,BT-50,3.0 SP 4x4 Double Cab,RY3,810
2025-01,Mazda,BT-50,,RY3,1762
2025-02,Mazda,BT-50,,RY3,1337
2025-03,Mazda,BT-50,,RY3,1459
2025-04,Mazda,BT-50,3.0 SP 4x4 Double Cab,RY3,1817
2025-05,Mazda,BT-50,,RY3,2065
2025-06,Mazda,BT-50,1.9 S Single Cab,RY3,1452
2025-07,Mazda,BT-50,,RY3,1453
2025-08,Mazda,BT-50,1.9 S Single Cab,RY3,1503
2025-09,Mazda,BT-50,,RY3,1027
2025-10,Mazda,BT-50,,RY3,1856
2025-11,Mazda,BT-50,3.0 SP 4x4 Double Cab,RY3,2007
2025-12,Mazda,BT-50,,RY3,1410
2023-01,Mercedes-Benz,C-Class,C350e AMG Dynamic,RY1,146
2023-02,Mercedes-Benz,C-Class,C350e AMG Dynamic,RY1,50
2023-03,Mercedes-Benz,C-Class,C350e AMG Dynamic,RY1,110
2023-04,Mercedes-Benz,C-Class,C350e AMG Dynamic,RY1,62
2023-05,Mercedes-Benz,C-Class,C350e AMG Dynamic,RY1,125
2023-06,Mercedes-Benz,C-Class,C350e AMG Dynamic,RY1,120
2023-07,Mercedes-Benz,C-Class,,RY1,75
2023-08,Mercedes-Benz,C-Class,,RY1,123
2023-09,Mercedes-Benz,C-Class,C350e AMG Dynamic,RY1,108
2023-10,Mercedes-Benz,C-Class,,RY1,102
2023-11,Mercedes-Benz,C-Class,,RY1,114
2023-12,Mercedes-Benz,C-Class,,RY1,102
2024-01,Mercedes-Benz,C-Class,C350e AMG Dynamic,RY1,83
2024-02,Mercedes-Benz,C-Class,C350e AMG Dynamic,RY1,132
2024-03,Mercedes-Benz,C-Class,,RY1,46
2024-04,Mercedes-Benz,C-Class,C350e AMG Dynamic,RY1,67
2024-05,Mercedes-Benz,C-Class,,RY1,90
2024-06,Mercedes-Benz,C-Class,,RY1,74
2024-07,Mercedes-Benz,C-Class,C350e AMG Dynamic,RY1,113
2024-08,Mercedes-Benz,C-Class,,RY1,151
2024-09,Mercedes-Benz,C-Class,,RY1,38
2024-10,Mercedes-Benz,C-Class,C350e AMG Dynamic,RY1,108
2024-11,Mercedes-Benz,C-Class,,RY1,63
2024-12,Mercedes-Benz,C-Class,,RY1,142
2025-01,Mercedes-Benz,C-Class,,RY1,98
2025-02,Mercedes-Benz,C-Class,,RY1,123
2025-03,Mercedes-Benz,C-Class,C350e AMG Dynamic,RY1,124
2025-04,Mercedes-Benz,C-Class,,RY1,171
2025-05,Mercedes-Benz,C-Class,,RY1,98
2025-06,Mercedes-Benz,C-Class,,RY1,106
2025-07,Mercedes-Benz,C-Class,,RY1,105
2025-08,Mercedes-Benz,C-Class,C350e AMG Dynamic,RY1,138
2025-09,Mercedes-Benz,C-Class,,RY1,120
2025-10,Mercedes-Benz,C-Class,,RY1,97
2025-11,Mercedes-Benz,C-Class,,RY1,64
2025-12,Mercedes-Benz,C-Class,C350e AMG Dynamic,RY1,120
2024-01,Mercedes-Benz,E-Class,,RY1,30
2024-02,Mercedes-Benz,E-Class,,RY1,14
2024-03,Mercedes-Benz,E-Class,,RY1,13
2024-04,Mercedes-Benz,E-Class,,RY1,24
2024-05,Mercedes-Benz,E-Class,E220d AMG Dynamic,RY1,31
2024-06,Mercedes-Benz,E-Class,,RY1,24
2024-07,Mercedes-Benz,E-Class,,RY1,27
2024-08,Mercedes-Benz,E-Class,,RY1,21
2024-09,Mercedes-Benz,E-Class,E220d AMG Dynamic,RY1,26
2024-10,Mercedes-Benz,E-Class,E220d AMG Dynamic,RY1,40
2024-11,Mercedes-Benz,E-Class,E220d AMG Dynamic,RY1,5
2024-12,Mercedes-Benz,E-Class,E220d AMG Dynamic,RY1,13
2025-01,Mercedes-Benz,E-Class,E220d AMG Dynamic,RY1,25
2025-02,Mercedes-Benz,E-Class,,RY1,11
2025-03,Mercedes-Benz,E-Class,E220d AMG Dynamic,RY1,33
2025-04,Mercedes-Benz,E-Class,E220d AMG Dynamic,RY1,29
2025-05,Mercedes-Benz,E-Class,,RY1,21
2025-06,Mercedes-Benz,E-Class,E220d AMG Dynamic,RY1,17
2025-07,Mercedes-Benz,E-Class,E220d AMG Dynamic,RY1,22
2025-08,Mercedes-Benz,E-Class,E220d AMG Dynamic,RY1,20
2025-09,Mercedes-Benz,E-Class,,RY1,7
2025-10,Mercedes-Benz,E-Class,,RY1,24
2025-11,Mercedes-Benz,E-Class,,RY1,19
2025-12,Mercedes-Benz,E-Class,E220d AMG Dynamic,RY1,23
2023-01,Mercedes-Benz,GLA,,RY1,282
2023-02,Mercedes-Benz,GLA,GLA200 AMG Dynamic,RY1,453
2023-03,Mercedes-Benz,GLA,,RY1,451
2023-04,Mercedes-Benz,GLA,,RY1,573
2023-05,Mercedes-Benz,GLA,GLA200 AMG Dynamic,RY1,72
2023-06,Mercedes-Benz,GLA,GLA200 AMG Dynamic,RY1,230
2023-07,Mercedes-Benz,GLA,,RY1,309
2023-08,Mercedes-Benz,GLA,,RY1,434
2023-09,Mercedes-Benz,GLA,,RY1,512
2023-10,Mercedes-Benz,GLA,GLA200 AMG Dynamic,RY1,296
2023-11,Mercedes-Benz,GLA,,RY1,306
2023-12,Mercedes-Benz,GLA,,RY1,537
2024-01,Mercedes-Benz,GLA,GLA200 AMG Dynamic,RY1,184
2024-02,Mercedes-Benz,GLA,,RY1,364
2024-03,Mercedes-Benz,GLA,GLA200 AMG Dynamic,RY1,291
2024-04,Mercedes-Benz,GLA,,RY1,375
2024-05,Mercedes-Benz,GLA,,RY1,377
2024-06,Mercedes-Benz,GLA,,RY1,503
2024-07,Mercedes-Benz,GLA,,RY1,383
2024-08,Mercedes-Benz,GLA,,RY1,251
2024-09,Mercedes-Benz,GLA,,RY1,345
2024-10,Mercedes-Benz,GLA,,RY1,483
2024-11,Mercedes-Benz,GLA,,RY1,506
2024-12,Mercedes-Benz,GLA,GLA200 AMG Dynamic,RY1,391
2025-01,Mercedes-Benz,GLA,GLA200 AMG Dynamic,RY1,223
2025-02,Mercedes-Benz,GLA,,RY1,406
2025-03,Mercedes-Benz,GLA,GLA200 AMG Dynamic,RY1,625
2025-04,Mercedes-Benz,GLA,,RY1,265
2025-05,Mercedes-Benz,GLA,,RY1,186
2025-06,Mercedes-Benz,GLA,,RY1,382
2025-07,Mercedes-Benz,GLA,,RY1,281
2025-08,Mercedes-Benz,GLA,,RY1,327
2025-09,Mercedes-Benz,GLA,GLA200 AMG Dynamic,RY1,324
2025-10,Mercedes-Benz,GLA,GLA200 AMG Dynamic,RY1,551
2025-11,Mercedes-Benz,GLA,GLA200 AMG Dynamic,RY1,440
2025-12,Mercedes-Benz,GLA,,RY1,472
2023-01,Mercedes-Benz,GLC,,RY1,84
2023-02,Mercedes-Benz,GLC,,RY1,87
2023-03,Mercedes-Benz,GLC,GLC300e AMG Dynamic,RY1,127
2023-04,Mercedes-Benz,GLC,,RY1,59
2023-05,Mercedes-Benz,GLC,,RY1,133
2023-06,Mercedes-Benz,GLC,,RY1,110
2023-07,Mercedes-Benz,GLC,,RY1,123
2023-08,Mercedes-Benz,GLC,,RY1,94
2023-09,Mercedes-Benz,GLC,GLC300e AMG Dynamic,RY1,145
2023-10,Mercedes-Benz,GLC,GLC300e AMG Dynamic,RY1,95
2023-11,Mercedes-Benz,GLC,,RY1,152
2023-12,Mercedes-Benz,GLC,,RY1,107
2024-01,Mercedes-Benz,GLC,,RY1,133
2024-02,Mercedes-Benz,GLC,,RY1,147
2024-03,Mercedes-Benz,GLC,,RY1,117
2024-04,Mercedes-Benz,GLC,,RY1,85
2024-05,Mercedes-Benz,GLC,,RY1,116
2024-06,Mercedes-Benz,GLC,GLC300e AMG Dynamic,RY1,165
2024-07,Mercedes-Benz,GLC,,RY1,106
2024-08,Mercedes-Benz,GLC,GLC300e AMG Dynamic,RY1,130
2024-09,Mercedes-Benz,GLC,GLC300e AMG Dynamic,RY1,190
2024-10,Mercedes-Benz,GLC,,RY1,146
2024-11,Mercedes-Benz,GLC,,RY1,131
2024-12,Mercedes-Benz,GLC,,RY1,168
2025-01,Mercedes-Benz,GLC,,RY1,209
2025-02,Mercedes-Benz,GLC,,RY1,167
2025-03,Mercedes-Benz,GLC,,RY1,121
2025-04,Mercedes-Benz,GLC,,RY1,186
2025-05,Mercedes-Benz,GLC,,RY1,155
2025-06,Mercedes-Benz,GLC,GLC300e AMG Dynamic,RY1,139
2025-07,Mercedes-Benz,GLC,,RY1,157
2025-08,Mercedes-Benz,GLC,,RY1,143
2025-09,Mercedes-Benz,GLC,GLC300e AMG Dynamic,RY1,124
2025-10,Mercedes-Benz,GLC,,RY1,147
2025-11,Mercedes-Benz,GLC,GLC300e AMG Dynamic,RY1,92
2025-12,Mercedes-Benz,GLC,GLC300e AMG Dynamic,RY1,127
2023-01,Mercedes-Benz,EQS,,RY1,22
2023-02,Mercedes-Benz,EQS,EQS500 4Matic AMG,RY1,18
2023-03,Mercedes-Benz,EQS,,RY1,28
2023-04,Mercedes-Benz,EQS,,RY1,33
2023-05,Mercedes-Benz,EQS,EQS500 4Matic AMG,RY1,16
2023-06,Mercedes-Benz,EQS,,RY1,29
2023-07,Mercedes-Benz,EQS,EQS500 4Matic AMG,RY1,30
2023-08,Mercedes-Benz,EQS,EQS500 4Matic AMG,RY1,19
2023-09,Mercedes-Benz,EQS,,RY1,48
2023-10,Mercedes-Benz,EQS,,RY1,27
2023-11,Mercedes-Benz,EQS,,RY1,16
2023-12,Mercedes-Benz,EQS,,RY1,31
2024-01,Mercedes-Benz,EQS,,RY1,33
2024-02,Mercedes-Benz,EQS,,RY1,33
2024-03,Mercedes-Benz,EQS,,RY1,27
2024-04,Mercedes-Benz,EQS,,RY1,40
2024-05,Mercedes-Benz,EQS,,RY1,17
2024-06,Mercedes-Benz,EQS,EQS500 4Matic AMG,RY1,37
2024-07,Mercedes-Benz,EQS,,RY1,24
2024-08,Mercedes-Benz,EQS,EQS500 4Matic AMG,RY1,23
2024-09,Mercedes-Benz,EQS,,RY1,33
2024-10,Mercedes-Benz,EQS,,RY1,27
2024-11,Mercedes-Benz,EQS,EQS500 4Matic AMG,RY1,47
2024-12,Mercedes-Benz,EQS,,RY1,29
2025-01,Mercedes-Benz,EQS,,RY1,17
2025-02,Mercedes-Benz,EQS,,RY1,23
2025-03,Mercedes-Benz,EQS,,RY1,22
2025-04,Mercedes-Benz,EQS,EQS500 4Matic AMG,RY1,50
2025-05,Mercedes-Benz,EQS,,RY1,42
2025-06,Mercedes-Benz,EQS,,RY1,36
2025-07,Mercedes-Benz,EQS,,RY1,32
2025-08,Mercedes-Benz,EQS,,RY1,13
2025-09,Mercedes-Benz,EQS,,RY1,31
2025-10,Mercedes-Benz,EQS,EQS500 4Matic AMG,RY1,20
2025-11,Mercedes-Benz,EQS,EQS500 4Matic AMG,RY1,40
2025-12,Mercedes-Benz,EQS,EQS500 4Matic AMG,RY1,32
2024-07,MG,MG3,,RY1,1725
2024-08,MG,MG3,,RY1,1236
2024-09,MG,MG3,1.5 HEV+,RY1,1083
2024-10,MG,MG3,,RY1,870
2024-11,MG,MG3,,RY1,1668
2024-12,MG,MG3,,RY1,1473
2025-01,MG,MG3,,RY1,1152
2025-02,MG,MG3,1.5 HEV+,RY1,1033
2025-03,MG,MG3,,RY1,1536
2025-04,MG,MG3,,RY1,1427
2025-05,MG,MG3,,RY1,1634
2025-06,MG,MG3,,RY1,1572
2025-07,MG,MG3,,RY1,1320
2025-08,MG,MG3,,RY1,1037
2025-09,MG,MG3,1.5 HEV+,RY1,1670
2025-10,MG,MG3,,RY1,1444
2025-11,MG,MG3,,RY1,1228
2025-12,MG,MG3,1.5 HEV+,RY1,1195
2023-01,MG,MG4 Electric,,RY1,466
2023-02,MG,MG4 Electric,,RY1,772
2023-03,MG,MG4 Electric,,RY1,564
2023-04,MG,MG4 Electric,,RY1,732
2023-05,MG,MG4 Electric,D 51kWh,RY1,545
2023-06,MG,MG4 Electric,,RY1,766
2023-07,MG,MG4 Electric,,RY1,985
2023-08,MG,MG4 Electric,,RY1,549
2023-09,MG,MG4 Electric,X 64kWh,RY1,639
2023-10,MG,MG4 Electric,,RY1,517
2023-11,MG,MG4 Electric,,RY1,723
2023-12,MG,MG4 Electric,X 64kWh,RY1,582
2024-01,MG,MG4 Electric,X 64kWh,RY1,740
2024-02,MG,MG4 Electric,,RY1,1010
2024-03,MG,MG4 Electric,,RY1,738
2024-04,MG,MG4 Electric,D 51kWh,RY1,529
2024-05,MG,MG4 Electric,,RY1,863
2024-06,MG,MG4 Electric,X 64kWh,RY1,833
2024-07,MG,MG4 Electric,D 51kWh,RY1,839
2024-08,MG,MG4 Electric,,RY1,850
2024-09,MG,MG4 Electric,,RY1,1080
2024-10,MG,MG4 Electric,,RY1,555
2024-11,MG,MG4 Electric,,RY1,810
2024-12,MG,MG4 Electric,X 64kWh,RY1,1142
2025-01,MG,MG4 Electric,,RY1,764
2025-02,MG,MG4 Electric,,RY1,686
2025-03,MG,MG4 Electric,,RY1,948
2025-04,MG,MG4 Electric,X 64kWh,RY1,738
2025-05,MG,MG4 Electric,,RY1,844
2025-06,MG,MG4 Electric,,RY1,659
2025-07,MG,MG4 Electric,,RY1,682
2025-08,MG,MG4 Electric,X 64kWh,RY1,1023
2025-09,MG,MG4 Electric,D 51kWh,RY1,715
2025-10,MG,MG4 Electric,,RY1,917
2025-11,MG,MG4 Electric,,RY1,993
2025-12,MG,MG4 Electric,,RY1,1096
2023-01,MG,MG5,,RY1,779
2023-02,MG,MG5,,RY1,342
2023-03,MG,MG5,,RY1,597
2023-04,MG,MG5,1.5 X,RY1,745
2023-05,MG,MG5,,RY1,537
2023-06,MG,MG5,,RY1,509
2023-07,MG,MG5,,RY1,921
2023-08,MG,MG5,,RY1,336
2023-09,MG,MG5,,RY1,721
2023-10,MG,MG5,,RY1,452
2023-11,MG,MG5,,RY1,331
2023-12,MG,MG5,,RY1,464
2024-01,MG,MG5,,RY1,730
2024-02,MG,MG5,1.5 X,RY1,400
2024-03,MG,MG5,,RY1,803
2024-04,MG,MG5,,RY1,648
2024-05,MG,MG5,1.5 X,RY1,794
2024-06,MG,MG5,,RY1,431
2024-07,MG,MG5,,RY1,540
2024-08,MG,MG5,,RY1,764
2024-09,MG,MG5,,RY1,512
2024-10,MG,MG5,,RY1,542
2024-11,MG,MG5,,RY1,454
2024-12,MG,MG5,,RY1,603
2025-01,MG,MG5,1.5 X,RY1,326
2025-02,MG,MG5,1.5 X,RY1,548
2025-03,MG,MG5,,RY1,835
2025-04,MG,MG5,,RY1,652
2025-05,MG,MG5,1.5 X,RY1,455
2025-06,MG,MG5,,RY1,765
2025-07,MG,MG5,,RY1,521
2025-08,MG,MG5,,RY1,372
2025-09,MG,MG5,,RY1,559
2025-10,MG,MG5,,RY1,586
2025-11,MG,MG5,,RY1,459
2025-12,MG,MG5,,RY1,404
2023-01,MG,MG ZS,,RY1,856
2023-02,MG,MG ZS,,RY1,814
2023-03,MG,MG ZS,,RY1,1129
2023-04,MG,MG ZS,,RY1,662
2023-05,MG,MG ZS,1.5 X,RY1,923
2023-06,MG,MG ZS,,RY1,656
2023-07,MG,MG ZS,1.5 X,RY1,1492
2023-08,MG,MG ZS,,RY1,1428
2023-09,MG,MG ZS,,RY1,1115
2023-10,MG,MG ZS,1.5 X,RY1,1151
2023-11,MG,MG ZS,1.5 X,RY1,1049
2023-12,MG,MG ZS,,RY1,1384
2024-01,MG,MG ZS,,RY1,1174
2024-02,MG,MG ZS,1.5 X,RY1,843
2024-03,MG,MG ZS,,RY1,1427
2024-04,MG,MG ZS,1.5 X,RY1,1151
2024-05,MG,MG ZS,,RY1,787
2024-06,MG,MG ZS,1.5 X,RY1,821
2024-07,MG,MG ZS,1.5 X,RY1,978
2024-08,MG,MG ZS,1.5 X,RY1,1250
2024-09,MG,MG ZS,,RY1,766
2024-10,MG,MG ZS,,RY1,991
2024-11,MG,MG ZS,,RY1,1062
2024-12,MG,MG ZS,,RY1,1850
2025-01,MG,MG ZS,,RY1,920
2025-02,MG,MG ZS,,RY1,1236
2025-03,MG,MG ZS,1.5 X,RY1,1413
2025-04,MG,MG ZS,,RY1,1135
2025-05,MG,MG ZS,,RY1,1281
2025-06,MG,MG ZS,,RY1,831
2025-07,MG,MG ZS,,RY1,1091
2025-08,MG,MG ZS,1.5 X,RY1,740
2025-09,MG,MG ZS,,RY1,1482
2025-10,MG,MG ZS,,RY1,1100
2025-11,MG,MG ZS,,RY1,982
2025-12,MG,MG ZS,1.5 X,RY1,1196
2023-01,MG,MG ZS EV,Long Range,RY1,1078
2023-02,MG,MG ZS EV,,RY1,1080
2023-03,MG,MG ZS EV,Long Range,RY1,842
2023-04,MG,MG ZS EV,,RY1,1659
2023-05,MG,MG ZS EV,,RY1,647
2023-06,MG,MG ZS EV,,RY1,951
2023-07,MG,MG ZS EV,,RY1,799
2023-08,MG,MG ZS EV,Long Range,RY1,782
2023-09,MG,MG ZS EV,,RY1,946
2023-10,MG,MG ZS EV,,RY1,1490
2023-11,MG,MG ZS EV,Long Range,RY1,671
2023-12,MG,MG ZS EV,,RY1,673
2024-01,MG,MG ZS EV,,RY1,828
2024-02,MG,MG ZS EV,,RY1,909
2024-03,MG,MG ZS EV,,RY1,1343
2024-04,MG,MG ZS EV,,RY1,1342
2024-05,MG,MG ZS EV,Long Range,RY1,872
2024-06,MG,MG ZS EV,Long Range,RY1,1199
2024-07,MG,MG ZS EV,,RY1,451
2024-08,MG,MG ZS EV,Long Range,RY1,1455
2024-09,MG,MG ZS EV,,RY1,1098
2024-10,MG,MG ZS EV,,RY1,1201
2024-11,MG,MG ZS EV,,RY1,1046
2024-12,MG,MG ZS EV,Long Range,RY1,548
2025-01,MG,MG ZS EV,,RY1,954
2025-02,MG,MG ZS EV,,RY1,1196
2025-03,MG,MG ZS EV,,RY1,599
2025-04,MG,MG ZS EV,,RY1,742
2025-05,MG,MG ZS EV,Long Range,RY1,1121
2025-06,MG,MG ZS EV,,RY1,899
2025-07,MG,MG ZS EV,Long Range,RY1,889
2025-08,MG,MG ZS EV,,RY1,701
2025-09,MG,MG ZS EV,,RY1,612
2025-10,MG,MG ZS EV,,RY1,1036
2025-11,MG,MG ZS EV,,RY1,710
2025-12,MG,MG ZS EV,,RY1,1092
2023-01,MG,MG HS,,RY1,902
2023-02,MG,MG HS,,RY1,437
2023-03,MG,MG HS,,RY1,584
2023-04,MG,MG HS,PHEV X,RY1,691
2023-05,MG,MG HS,PHEV X,RY1,543
2023-06,MG,MG HS,,RY1,613
2023-07,MG,MG HS,,RY1,659
2023-08,MG,MG HS,,RY1,586
2023-09,MG,MG HS,1.5 Turbo X,RY1,473
2023-10,MG,MG HS,,RY1,530
2023-11,MG,MG HS,1.5 Turbo X,RY1,810
2023-12,MG,MG HS,,RY1,477
2024-01,MG,MG HS,,RY1,682
2024-02,MG,MG HS,,RY1,803
2024-03,MG,MG HS,,RY1,460
2024-04,MG,MG HS,PHEV X,RY1,705
2024-05,MG,MG HS,,RY1,470
2024-06,MG,MG HS,PHEV X,RY1,694
2024-07,MG,MG HS,,RY1,610
2024-08,MG,MG HS,1.5 Turbo X,RY1,773
2024-09,MG,MG HS,,RY1,765
2024-10,MG,MG HS,,RY1,464
2024-11,MG,MG HS,1.5 Turbo X,RY1,795
2024-12,MG,MG HS,,RY1,683
2025-01,MG,MG HS,,RY1,523
2025-02,MG,MG HS,,RY1,491
2025-03,MG,MG HS,1.5 Turbo X,RY1,211
2025-04,MG,MG HS,,RY1,603
2025-05,MG,MG HS,,RY1,157
2025-06,MG,MG HS,1.5 Turbo X,RY1,779
2025-07,MG,MG HS,,RY1,315
2025-08,MG,MG HS,1.5 Turbo X,RY1,494
2025-09,MG,MG HS,,RY1,566
2025-10,MG,MG HS,1.5 Turbo X,RY1,678
2025-11,MG,MG HS,1.5 Turbo X,RY1,259
2025-12,MG,MG HS,,RY1,447
2023-08,MG,MG VS HEV,HEV D,RY1,851
2023-09,MG,MG VS HEV,,RY1,751
2023-10,MG,MG VS HEV,,RY1,786
2023-11,MG,MG VS HEV,HEV D,RY1,758
2023-12,MG,MG VS HEV,,RY1,1385
2024-01,MG,MG VS HEV,,RY1,413
2024-02,MG,MG VS HEV,,RY1,1334
2024-03,MG,MG VS HEV,HEV D,RY1,1073
2024-04,MG,MG VS HEV,HEV D,RY1,1168
2024-05,MG,MG VS HEV,,RY1,1093
2024-06,MG,MG VS HEV,HEV D,RY1,1034
2024-07,MG,MG VS HEV,,RY1,1172
2024-08,MG,MG VS HEV,,RY1,1276
2024-09,MG,MG VS HEV,,RY1,1168
2024-10,MG,MG VS HEV,,RY1,791
2024-11,MG,MG VS HEV,HEV D,RY1,1308
2024-12,MG,MG VS HEV,,RY1,1028
2025-01,MG,MG VS HEV,HEV D,RY1,1472
2025-02,MG,MG VS HEV,HEV D,RY1,539
2025-03,MG,MG VS HEV,HEV D,RY1,832
2025-04,MG,MG VS HEV,,RY1,1376
2025-05,MG,MG VS HEV,,RY1,1569
2025-06,MG,MG VS HEV,,RY1,1013
2025-07,MG,MG VS HEV,,RY1,1423
2025-08,MG,MG VS HEV,HEV D,RY1,1130
2025-09,MG,MG VS HEV,,RY1,1400
2025-10,MG,MG VS HEV,HEV D,RY1,1102
2025-11,MG,MG VS HEV,,RY1,1548
2025-12,MG,MG VS HEV,,RY1,960
2023-01,MG,MG Extender,2.0 Grand Tiger Double Cab,RY3,1841
2023-02,MG,MG Extender,,RY3,1244
2023-03,MG,MG Extender,2.0 Giant Cab,RY3,2941
2023-04,MG,MG Extender,,RY3,1944
2023-05,MG,MG Extender,2.0 Grand Tiger Double Cab,RY3,1172
2023-06,MG,MG Extender,2.0 Grand Tiger Double Cab,RY3,2595
2023-07,MG,MG Extender,2.0 Giant Cab,RY3,2212
2023-08,MG,MG Extender,,RY3,1776
2023-09,MG,MG Extender,,RY3,2588
2023-10,MG,MG Extender,,RY3,2301
2023-11,MG,MG Extender,2.0 Grand Tiger Double Cab,RY3,1910
2023-12,MG,MG Extender,2.0 Giant Cab,RY3,933
2024-01,MG,MG Extender,,RY3,3725
2024-02,MG,MG Extender,,RY3,2018
2024-03,MG,MG Extender,,RY3,1502
2024-04,MG,MG Extender,,RY3,2248
2024-05,MG,MG Extender,,RY3,1858
2024-06,MG,MG Extender,,RY3,3150
2024-07,MG,MG Extender,,RY3,2598
2024-08,MG,MG Extender,,RY3,2282
2024-09,MG,MG Extender,,RY3,1505
2024-10,MG,MG Extender,,RY3,1604
2024-11,MG,MG Extender,2.0 Giant Cab,RY3,1835
2024-12,MG,MG Extender,,RY3,1886
2025-01,MG,MG Extender,,RY3,2629
2025-02,MG,MG Extender,2.0 Grand Tiger Double Cab,RY3,1428
2025-03,MG,MG Extender,2.0 Grand Tiger Double Cab,RY3,2230
2025-04,MG,MG Extender,2.0 Giant Cab,RY3,1237
2025-05,MG,MG Extender,2.0 Giant Cab,RY3,2612
2025-06,MG,MG Extender,,RY3,2072
2025-07,MG,MG Extender,,RY3,2837
2025-08,MG,MG Extender,2.0 Grand Tiger Double Cab,RY3,2251
2025-09,MG,MG Extender,,RY3,2252
2025-10,MG,MG Extender,,RY3,1669
2025-11,MG,MG Extender,,RY3,2252
2025-12,MG,MG Extender,2.0 Grand Tiger Double Cab,RY3,2179
2023-03,MG,MG Maxus 9,,RY1,66
2023-04,MG,MG Maxus 9,,RY1,99
2023-05,MG,MG Maxus 9,,RY1,93
2023-06,MG,MG Maxus 9,,RY1,116
2023-07,MG,MG Maxus 9,,RY1,51
2023-08,MG,MG Maxus 9,,RY1,54
2023-09,MG,MG Maxus 9,,RY1,48
2023-10,MG,MG Maxus 9,Luxury,RY1,75
2023-11,MG,MG Maxus 9,Luxury,RY1,115
2023-12,MG,MG Maxus 9,,RY1,96
2024-01,MG,MG Maxus 9,,RY1,39
2024-02,MG,MG Maxus 9,,RY1,127
2024-03,MG,MG Maxus 9,Luxury,RY1,55
2024-04,MG,MG Maxus 9,Luxury,RY1,92
2024-05,MG,MG Maxus 9,,RY1,108
2024-06,MG,MG Maxus 9,,RY1,104
2024-07,MG,MG Maxus 9,,RY1,83
2024-08,MG,MG Maxus 9,,RY1,59
2024-09,MG,MG Maxus 9,,RY1,74
2024-10,MG,MG Maxus 9,,RY1,111
2024-11,MG,MG Maxus 9,Luxury,RY1,39
2024-12,MG,MG Maxus 9,Luxury,RY1,52
2025-01,MG,MG Maxus 9,Luxury,RY1,78
2025-02,MG,MG Maxus 9,,RY1,62
2025-03,MG,MG Maxus 9,Luxury,RY1,69
2025-04,MG,MG Maxus 9,,RY1,14
2025-05,MG,MG Maxus 9,,RY1,33
2025-06,MG,MG Maxus 9,,RY1,113
2025-07,MG,MG Maxus 9,Luxury,RY1,48
2025-08,MG,MG Maxus 9,,RY1,54
2025-09,MG,MG Maxus 9,,RY1,94
2025-10,MG,MG Maxus 9,Luxury,RY1,96
2025-11,MG,MG Maxus 9,Luxury,RY1,72
2025-12,MG,MG Maxus 9,,RY1,49
2025-01,MG,MG ES,Long Range,RY1,523
2025-02,MG,MG ES,,RY1,479
2025-03,MG,MG ES,,RY1,586
2025-04,MG,MG ES,Long Range,RY1,776
2025-05,MG,MG ES,,RY1,463
2025-06,MG,MG ES,Long Range,RY1,534
2025-07,MG,MG ES,,RY1,931
2025-08,MG,MG ES,Long Range,RY1,663
2025-09,MG,MG ES,,RY1,429
2025-10,MG,MG ES,,RY1,628
2025-11,MG,MG ES,Long Range,RY1,378
2025-12,MG,MG ES,Long Range,RY1,294
2024-06,MINI,Cooper,Cooper SE,RY1,585
2024-07,MINI,Cooper,,RY1,490
2024-08,MINI,Cooper,,RY1,411
2024-09,MINI,Cooper,Cooper SE,RY1,361
2024-10,MINI,Cooper,,RY1,437
2024-11,MINI,Cooper,,RY1,552
2024-12,MINI,Cooper,,RY1,545
2025-01,MINI,Cooper,Cooper SE,RY1,341
2025-02,MINI,Cooper,,RY1,523
2025-03,MINI,Cooper,,RY1,351
2025-04,MINI,Cooper,Cooper SE,RY1,521
2025-05,MINI,Cooper,,RY1,571
2025-06,MINI,Cooper,,RY1,326
2025-07,MINI,Cooper,,RY1,608
2025-08,MINI,Cooper,,RY1,498
2025-09,MINI,Cooper,Cooper SE,RY1,414
2025-10,MINI,Cooper,,RY1,313
2025-11,MINI,Cooper,,RY1,515
2025-12,MINI,Cooper,,RY1,451
2024-06,MINI,Countryman,,RY1,330
2024-07,MINI,Countryman,,RY1,317
2024-08,MINI,Countryman,,RY1,323
2024-09,MINI,Countryman,,RY1,342
2024-10,MINI,Countryman,,RY1,279
2024-11,MINI,Countryman,,RY1,235
2024-12,MINI,Countryman,Countryman E,RY1,279
2025-01,MINI,Countryman,Countryman E,RY1,386
2025-02,MINI,Countryman,,RY1,293
2025-03,MINI,Countryman,,RY1,352
2025-04,MINI,Countryman,,RY1,386
2025-05,MINI,Countryman,,RY1,392
2025-06,MINI,Countryman,Countryman E,RY1,285
2025-07,MINI,Countryman,,RY1,301
2025-08,MINI,Countryman,,RY1,265
2025-09,MINI,Countryman,,RY1,299
2025-10,MINI,Countryman,,RY1,414
2025-11,MINI,Countryman,,RY1,358
2025-12,MINI,Countryman,,RY1,373
2023-07,Mitsubishi,Triton,,RY3,3186
2023-08,Mitsubishi,Triton,,RY3,4151
2023-09,Mitsubishi,Triton,2.4 GLX Club Cab,RY3,3638
2023-10,Mitsubishi,Triton,,RY3,3703
2023-11,Mitsubishi,Triton,2.4 Ultimate 4WD Double Cab,RY3,3387
2023-12,Mitsubishi,Triton,,RY3,1882
2024-01,Mitsubishi,Triton,2.4 GL Single Cab,RY3,3029
2024-02,Mitsubishi,Triton,,RY3,3667
2024-03,Mitsubishi,Triton,,RY3,1830
2024-04,Mitsubishi,Triton,,RY3,3965
2024-05,Mitsubishi,Triton,2.4 GLX Club Cab,RY3,4304
2024-06,Mitsubishi,Triton,,RY3,2317
2024-07,Mitsubishi,Triton,2.4 Ultimate 4WD Double Cab,RY3,3580
2024-08,Mitsubishi,Triton,,RY3,3578
2024-09,Mitsubishi,Triton,,RY3,2249
2024-10,Mitsubishi,Triton,2.4 GL Single Cab,RY3,4516
2024-11,Mitsubishi,Triton,2.4 GL Single Cab,RY3,2329
2024-12,Mitsubishi,Triton,,RY3,4221
2025-01,Mitsubishi,Triton,,RY3,3709
2025-02,Mitsubishi,Triton,2.4 GLX Club Cab,RY3,4170
2025-03,Mitsubishi,Triton,,RY3,5466
2025-04,Mitsubishi,Triton,,RY3,3636
2025-05,Mitsubishi,Triton,2.4 Ultimate 4WD Double Cab,RY3,4592
2025-06,Mitsubishi,Triton,2.4 Ultimate 4WD Double Cab,RY3,3313
2025-07,Mitsubishi,Triton,,RY3,2708
2025-08,Mitsubishi,Triton,,RY3,4809
2025-09,Mitsubishi,Triton,,RY3,4133
2025-10,Mitsubishi,Triton,,RY3,4492
2025-11,Mitsubishi,Triton,,RY3,3497
2025-12,Mitsubishi,Triton,,RY3,4428
2023-01,Mitsubishi,Pajero Sport,2.4 GT Premium 4WD,RY1,389
2023-02,Mitsubishi,Pajero Sport,,RY1,470
2023-03,Mitsubishi,Pajero Sport,2.4 GT,RY1,476
2023-04,Mitsubishi,Pajero Sport,,RY1,266
2023-05,Mitsubishi,Pajero Sport,,RY1,274
2023-06,Mitsubishi,Pajero Sport,2.4 GT Premium 4WD,RY1,497
2023-07,Mitsubishi,Pajero Sport,,RY1,397
2023-08,Mitsubishi,Pajero Sport,,RY1,318
2023-09,Mitsubishi,Pajero Sport,,RY1,326
2023-10,Mitsubishi,Pajero Sport,,RY1,297
2023-11,Mitsubishi,Pajero Sport,,RY1,311
2023-12,Mitsubishi,Pajero Sport,2.4 GT Premium 4WD,RY1,316
2024-01,Mitsubishi,Pajero Sport,2.4 GT Premium 4WD,RY1,396
2024-02,Mitsubishi,Pajero Sport,,RY1,394
2024-03,Mitsubishi,Pajero Sport,,RY1,548
2024-04,Mitsubishi,Pajero Sport,,RY1,334
2024-05,Mitsubishi,Pajero Sport,,RY1,549
2024-06,Mitsubishi,Pajero Sport,,RY1,272
2024-07,Mitsubishi,Pajero Sport,,RY1,369
2024-08,Mitsubishi,Pajero Sport,,RY1,433
2024-09,Mitsubishi,Pajero Sport,,RY1,633
2024-10,Mitsubishi,Pajero Sport,2.4 GT Premium 4WD,RY1,242
2024-11,Mitsubishi,Pajero Sport,,RY1,413
2024-12,Mitsubishi,Pajero Sport,,RY1,547
2025-01,Mitsubishi,Pajero Sport,,RY1,237
2025-02,Mitsubishi,Pajero Sport,,RY1,585
2025-03,Mitsubishi,Pajero Sport,,RY1,496
2025-04,Mitsubishi,Pajero Sport,2.4 GT Premium 4WD,RY1,334
2025-05,Mitsubishi,Pajero Sport,,RY1,407
2025-06,Mitsubishi,Pajero Sport,2.4 GT,RY1,453
2025-07,Mitsubishi,Pajero Sport,,RY1,400
2025-08,Mitsubishi,Pajero Sport,,RY1,469
2025-09,Mitsubishi,Pajero Sport,,RY1,549
2025-10,Mitsubishi,Pajero Sport,2.4 GT,RY1,394
2025-11,Mitsubishi,Pajero Sport,,RY1,286
2025-12,Mitsubishi,Pajero Sport,,RY1,557
2023-01,Mitsubishi,Xpander,1.5 GT,RY1,2208
2023-02,Mitsubishi,Xpander,,RY1,1782
2023-03,Mitsubishi,Xpander,,RY1,1479
2023-04,Mitsubishi,Xpander,,RY1,1389
2023-05,Mitsubishi,Xpander,,RY1,1430
2023-06,Mitsubishi,Xpander,,RY1,1119
2023-07,Mitsubishi,Xpander,,RY1,1337
2023-08,Mitsubishi,Xpander,1.5 GT,RY1,776
2023-09,Mitsubishi,Xpander,,RY1,870
2023-10,Mitsubishi,Xpander,1.5 GT,RY1,1347
2023-11,Mitsubishi,Xpander,,RY1,910
2023-12,Mitsubishi,Xpander,1.5 GT,RY1,991
2024-01,Mitsubishi,Xpander,,RY1,1678
2024-02,Mitsubishi,Xpander,1.6 HEV GT,RY1,1226
2024-03,Mitsubishi,Xpander,,RY1,993
2024-04,Mitsubishi,Xpander,,RY1,804
2024-05,Mitsubishi,Xpander,,RY1,1180
2024-06,Mitsubishi,Xpander,,RY1,1073
2024-07,Mitsubishi,Xpander,,RY1,1147
2024-08,Mitsubishi,Xpander,,RY1,1148
2024-09,Mitsubishi,Xpander,1.5 GT,RY1,1148
2024-10,Mitsubishi,Xpander,1.6 HEV GT,RY1,609
2024-11,Mitsubishi,Xpander,1.5 GT,RY1,1648
2024-12,Mitsubishi,Xpander,1.6 HEV GT,RY1,1024
2025-01,Mitsubishi,Xpander,1.5 GT,RY1,1001
2025-02,Mitsubishi,Xpander,,RY1,1546
2025-03,Mitsubishi,Xpander,1.5 GT,RY1,1112
2025-04,Mitsubishi,Xpander,1.5 GT,RY1,1939
2025-05,Mitsubishi,Xpander,1.6 HEV GT,RY1,1119
2025-06,Mitsubishi,Xpander,,RY1,232
2025-07,Mitsubishi,Xpander,1.6 HEV GT,RY1,1223
2025-08,Mitsubishi,Xpander,1.6 HEV GT,RY1,1829
2025-09,Mitsubishi,Xpander,1.6 HEV GT,RY1,1442
2025-10,Mitsubishi,Xpander,,RY1,605
2025-11,Mitsubishi,Xpander,,RY1,814
2025-12,Mitsubishi,Xpander,,RY1,277
2023-01,Mitsubishi,Xpander Cross,1.5 GT,RY1,962
2023-02,Mitsubishi,Xpander Cross,,RY1,665
2023-03,Mitsubishi,Xpander Cross,,RY1,960
2023-04,Mitsubishi,Xpander Cross,1.5 GT,RY1,931
2023-05,Mitsubishi,Xpander Cross,,RY1,1544
2023-06,Mitsubishi,Xpander Cross,,RY1,1674
2023-07,Mitsubishi,Xpander Cross,,RY1,782
2023-08,Mitsubishi,Xpander Cross,,RY1,1170
2023-09,Mitsubishi,Xpander Cross,,RY1,1524
2023-10,Mitsubishi,Xpander Cross,,RY1,1346
2023-11,Mitsubishi,Xpander Cross,,RY1,1216
2023-12,Mitsubishi,Xpander Cross,1.5 GT,RY1,1697
2024-01,Mitsubishi,Xpander Cross,,RY1,1049
2024-02,Mitsubishi,Xpander Cross,,RY1,1501
2024-03,Mitsubishi,Xpander Cross,,RY1,1441
2024-04,Mitsubishi,Xpander Cross,,RY1,1356
2024-05,Mitsubishi,Xpander Cross,,RY1,1176
2024-06,Mitsubishi,Xpander Cross,1.5 GT,RY1,1157
2024-07,Mitsubishi,Xpander Cross,,RY1,553
2024-08,Mitsubishi,Xpander Cross,,RY1,971
2024-09,Mitsubishi,Xpander Cross,,RY1,1309
2024-10,Mitsubishi,Xpander Cross,1.5 GT,RY1,1490
2024-11,Mitsubishi,Xpander Cross,1.5 GT,RY1,631
2024-12,Mitsubishi,Xpander Cross,,RY1,1533
2025-01,Mitsubishi,Xpander Cross,,RY1,1165
2025-02,Mitsubishi,Xpander Cross,,RY1,1694
2025-03,Mitsubishi,Xpander Cross,1.5 GT,RY1,1182
2025-04,Mitsubishi,Xpander Cross,1.5 GT,RY1,872
2025-05,Mitsubishi,Xpander Cross,,RY1,1141
2025-06,Mitsubishi,Xpander Cross,,RY1,1500
2025-07,Mitsubishi,Xpander Cross,,RY1,1027
2025-08,Mitsubishi,Xpander Cross,,RY1,1384
2025-09,Mitsubishi,Xpander Cross,,RY1,1305
2025-10,Mitsubishi,Xpander Cross,1.5 GT,RY1,1033
2025-11,Mitsubishi,Xpander Cross,1.5 GT,RY1,1085
2025-12,Mitsubishi,Xpander Cross,,RY1,1152
2023-01,Mitsubishi,Attrage,,RY1,1180
2023-02,Mitsubishi,Attrage,,RY1,792
2023-03,Mitsubishi,Attrage,,RY1,1490
2023-04,Mitsubishi,Attrage,1.2 GLS,RY1,1379
2023-05,Mitsubishi,Attrage,,RY1,1573
2023-06,Mitsubishi,Attrage,,RY1,983
2023-07,Mitsubishi,Attrage,1.2 GLS,RY1,748
2023-08,Mitsubishi,Attrage,,RY1,1870
2023-09,Mitsubishi,Attrage,,RY1,1217
2023-10,Mitsubishi,Attrage,1.2 GLS,RY1,1508
2023-11,Mitsubishi,Attrage,1.2 GLS,RY1,1126
2023-12,Mitsubishi,Attrage,,RY1,1034
2024-01,Mitsubishi,Attrage,,RY1,501
2024-02,Mitsubishi,Attrage,1.2 GLS,RY1,688
2024-03,Mitsubishi,Attrage,,RY1,943
2024-04,Mitsubishi,Attrage,,RY1,907
2024-05,Mitsubishi,Attrage,,RY1,1556
2024-06,Mitsubishi,Attrage,,RY1,1170
2024-07,Mitsubishi,Attrage,,RY1,793
2024-08,Mitsubishi,Attrage,,RY1,912
2024-09,Mitsubishi,Attrage,,RY1,1274
2024-10,Mitsubishi,Attrage,,RY1,351
2024-11,Mitsubishi,Attrage,,RY1,956
2024-12,Mitsubishi,Attrage,1.2 GLS,RY1,1461
2025-01,Mitsubishi,Attrage,1.2 GLS,RY1,1370
2025-02,Mitsubishi,Attrage,,RY1,1218
2025-03,Mitsubishi,Attrage,,RY1,1575
2025-04,Mitsubishi,Attrage,1.2 GLS,RY1,460
2025-05,Mitsubishi,Attrage,1.2 GLS,RY1,1905
2025-06,Mitsubishi,Attrage,1.2 GLS,RY1,1211
2025-07,Mitsubishi,Attrage,,RY1,1386
2025-08,Mitsubishi,Attrage,,RY1,1090
2025-09,Mitsubishi,Attrage,,RY1,1804
2025-10,Mitsubishi,Attrage,,RY1,1662
2025-11,Mitsubishi,Attrage,,RY1,1992
2025-12,Mitsubishi,Attrage,,RY1,1126
2023-01,Mitsubishi,Mirage,,RY1,355
2023-02,Mitsubishi,Mirage,,RY1,128
2023-03,Mitsubishi,Mirage,1.2 GLS,RY1,332
2023-04,Mitsubishi,Mirage,,RY1,325
2023-05,Mitsubishi,Mirage,,RY1,176
2023-06,Mitsubishi,Mirage,,RY1,230
2023-07,Mitsubishi,Mirage,,RY1,338
2023-08,Mitsubishi,Mirage,,RY1,164
2023-09,Mitsubishi,Mirage,,RY1,296
2023-10,Mitsubishi,Mirage,1.2 GLS,RY1,213
2023-11,Mitsubishi,Mirage,,RY1,313
2023-12,Mitsubishi,Mirage,1.2 GLS,RY1,149
2024-01,Mitsubishi,Mirage,,RY1,125
2024-02,Mitsubishi,Mirage,1.2 GLS,RY1,242
2024-03,Mitsubishi,Mirage,1.2 GLS,RY1,175
2024-04,Mitsubishi,Mirage,,RY1,283
2024-05,Mitsubishi,Mirage,,RY1,290
2024-06,Mitsubishi,Mirage,,RY1,185
2024-07,Mitsubishi,Mirage,,RY1,353
2024-08,Mitsubishi,Mirage,,RY1,133
2024-09,Mitsubishi,Mirage,1.2 GLS,RY1,131
2024-10,Mitsubishi,Mirage,,RY1,245
2024-11,Mitsubishi,Mirage,,RY1,124
2024-12,Mitsubishi,Mirage,1.2 GLS,RY1,226
2025-01,Mitsubishi,Mirage,,RY1,115
2025-02,Mitsubishi,Mirage,,RY1,232
2025-03,Mitsubishi,Mirage,,RY1,273
2025-04,Mitsubishi,Mirage,1.2 GLS,RY1,289
2025-05,Mitsubishi,Mirage,,RY1,220
2025-06,Mitsubishi,Mirage,,RY1,157
2025-07,Mitsubishi,Mirage,,RY1,79
2025-08,Mitsubishi,Mirage,1.2 GLS,RY1,87
2025-09,Mitsubishi,Mirage,,RY1,319
2025-10,Mitsubishi,Mirage,1.2 GLS,RY1,147
2025-11,Mitsubishi,Mirage,,RY1,255
2025-12,Mitsubishi,Mirage,,RY1,341
2024-01,Mitsubishi,Xforce,,RY1,1729
2024-02,Mitsubishi,Xforce,,RY1,1719
2024-03,Mitsubishi,Xforce,,RY1,1681
2024-04,Mitsubishi,Xforce,,RY1,1225
2024-05,Mitsubishi,Xforce,,RY1,2188
2024-06,Mitsubishi,Xforce,,RY1,1465
2024-07,Mitsubishi,Xforce,,RY1,1043
2024-08,Mitsubishi,Xforce,1.5 Ultimate,RY1,1479
2024-09,Mitsubishi,Xforce,,RY1,1529
2024-10,Mitsubishi,Xforce,,RY1,1507
2024-11,Mitsubishi,Xforce,1.5 Ultimate,RY1,2144
2024-12,Mitsubishi,Xforce,1.5 Ultimate,RY1,1263
2025-01,Mitsubishi,Xforce,1.5 Ultimate,RY1,1165
2025-02,Mitsubishi,Xforce,,RY1,1611
2025-03,Mitsubishi,Xforce,,RY1,1649
2025-04,Mitsubishi,Xforce,,RY1,2195
2025-05,Mitsubishi,Xforce,1.5 Ultimate,RY1,1745
2025-06,Mitsubishi,Xforce,,RY1,1953
2025-07,Mitsubishi,Xforce,1.5 Ultimate,RY1,1873
2025-08,Mitsubishi,Xforce,,RY1,2136
2025-09,Mitsubishi,Xforce,,RY1,1811
2025-10,Mitsubishi,Xforce,1.5 Ultimate,RY1,1384
2025-11,Mitsubishi,Xforce,,RY1,2268
2025-12,Mitsubishi,Xforce,1.5 Ultimate,RY1,1638
2023-01,Neta,Neta V,,RY1,64
2023-02,Neta,Neta V,,RY1,85
2023-03,Neta,Neta V,,RY1,59
2023-04,Neta,Neta V,,RY1,67
2023-05,Neta,Neta V,,RY1,41
2023-06,Neta,Neta V,,RY1,108
2023-07,Neta,Neta V,,RY1,94
2023-08,Neta,Neta V,,RY1,85
2023-09,Neta,Neta V,Standard,RY1,60
2023-10,Neta,Neta V,,RY1,106
2023-11,Neta,Neta V,,RY1,92
2023-12,Neta,Neta V,,RY1,88
2024-01,Neta,Neta V,Standard,RY1,73
2024-02,Neta,Neta V,Standard,RY1,134
2024-03,Neta,Neta V,Standard,RY1,107
2024-04,Neta,Neta V,,RY1,99
2024-05,Neta,Neta V,,RY1,78
2024-06,Neta,Neta V,Standard,RY1,104
2024-07,Neta,Neta V,Standard,RY1,107
2024-08,Neta,Neta V,,RY1,61
2024-09,Neta,Neta V,Standard,RY1,83
2024-10,Neta,Neta V,,RY1,71
2024-11,Neta,Neta V,,RY1,111
2024-12,Neta,Neta V,,RY1,104
2025-01,Neta,Neta V,,RY1,95
2025-02,Neta,Neta V,,RY1,81
2025-03,Neta,Neta V,,RY1,131
2025-04,Neta,Neta V,Standard,RY1,107
2025-05,Neta,Neta V,,RY1,126
2025-06,Neta,Neta V,Standard,RY1,98
2025-07,Neta,Neta V,,RY1,130
2025-08,Neta,Neta V,Standard,RY1,126
2025-09,Neta,Neta V,,RY1,119
2025-10,Neta,Neta V,Standard,RY1,104
2025-11,Neta,Neta V,,RY1,113
2025-12,Neta,Neta V,,RY1,117
2024-06,Neta,Neta X,,RY1,291
2024-07,Neta,Neta X,,RY1,330
2024-08,Neta,Neta X,,RY1,209
2024-09,Neta,Neta X,,RY1,327
2024-10,Neta,Neta X,,RY1,302
2024-11,Neta,Neta X,,RY1,347
2024-12,Neta,Neta X,Smart,RY1,374
2025-01,Neta,Neta X,,RY1,162
2025-02,Neta,Neta X,,RY1,545
2025-03,Neta,Neta X,,RY1,516
2025-04,Neta,Neta X,Smart,RY1,321
2025-05,Neta,Neta X,Smart,RY1,183
2025-06,Neta,Neta X,,RY1,443
2025-07,Neta,Neta X,,RY1,145
2025-08,Neta,Neta X,,RY1,255
2025-09,Neta,Neta X,,RY1,411
2025-10,Neta,Neta X,,RY1,284
2025-11,Neta,Neta X,,RY1,219
2025-12,Neta,Neta X,,RY1,209
2023-01,Nissan,Almera,,RY1,1085
2023-02,Nissan,Almera,,RY1,910
2023-03,Nissan,Almera,,RY1,629
2023-04,Nissan,Almera,,RY1,919
2023-05,Nissan,Almera,,RY1,853
2023-06,Nissan,Almera,1.0 Turbo VL,RY1,571
2023-07,Nissan,Almera,,RY1,652
2023-08,Nissan,Almera,1.0 Turbo VL,RY1,935
2023-09,Nissan,Almera,1.0 Turbo VL,RY1,879
2023-10,Nissan,Almera,,RY1,682
2023-11,Nissan,Almera,,RY1,767
2023-12,Nissan,Almera,,RY1,532
2024-01,Nissan,Almera,,RY1,668
2024-02,Nissan,Almera,,RY1,438
2024-03,Nissan,Almera,,RY1,522
2024-04,Nissan,Almera,,RY1,657
2024-05,Nissan,Almera,,RY1,690
2024-06,Nissan,Almera,,RY1,426
2024-07,Nissan,Almera,1.0 Turbo VL,RY1,785
2024-08,Nissan,Almera,,RY1,499
2024-09,Nissan,Almera,,RY1,773
2024-10,Nissan,Almera,1.0 Turbo VL,RY1,557
2024-11,Nissan,Almera,,RY1,251
2024-12,Nissan,Almera,,RY1,211
2025-01,Nissan,Almera,1.0 Turbo VL,RY1,460
2025-02,Nissan,Almera,,RY1,602
2025-03,Nissan,Almera,1.0 Turbo VL,RY1,328
2025-04,Nissan,Almera,1.0 Turbo VL,RY1,776
2025-05,Nissan,Almera,1.0 Turbo VL,RY1,552
2025-06,Nissan,Almera,1.0 Turbo VL,RY1,648
2025-07,Nissan,Almera,1.0 Turbo VL,RY1,413
2025-08,Nissan,Almera,,RY1,439
2025-09,Nissan,Almera,,RY1,361
2025-10,Nissan,Almera,1.0 Turbo VL,RY1,839
2025-11,Nissan,Almera,,RY1,304
2025-12,Nissan,Almera,1.0 Turbo VL,RY1,270
2023-01,Nissan,Kicks e-Power,,RY1,798
2023-02,Nissan,Kicks e-Power,,RY1,788
2023-03,Nissan,Kicks e-Power,,RY1,436
2023-04,Nissan,Kicks e-Power,,RY1,914
2023-05,Nissan,Kicks e-Power,,RY1,895
2023-06,Nissan,Kicks e-Power,,RY1,788
2023-07,Nissan,Kicks e-Power,,RY1,750
2023-08,Nissan,Kicks e-Power,,RY1,734
2023-09,Nissan,Kicks e-Power,,RY1,626
2023-10,Nissan,Kicks e-Power,,RY1,985
2023-11,Nissan,Kicks e-Power,,RY1,310
2023-12,Nissan,Kicks e-Power,e-Power VL,RY1,718
2024-01,Nissan,Kicks e-Power,e-Power VL,RY1,998
2024-02,Nissan,Kicks e-Power,,RY1,936
2024-03,Nissan,Kicks e-Power,,RY1,468
2024-04,Nissan,Kicks e-Power,e-Power VL,RY1,895
2024-05,Nissan,Kicks e-Power,e-Power VL,RY1,720
2024-06,Nissan,Kicks e-Power,,RY1,577
2024-07,Nissan,Kicks e-Power,,RY1,605
2024-08,Nissan,Kicks e-Power,e-Power VL,RY1,784
2024-09,Nissan,Kicks e-Power,,RY1,874
2024-10,Nissan,Kicks e-Power,,RY1,860
2024-11,Nissan,Kicks e-Power,e-Power VL,RY1,990
2024-12,Nissan,Kicks e-Power,,RY1,834
2025-01,Nissan,Kicks e-Power,e-Power VL,RY1,464
2025-02,Nissan,Kicks e-Power,,RY1,968
2025-03,Nissan,Kicks e-Power,,RY1,622
2025-04,Nissan,Kicks e-Power,e-Power VL,RY1,746
2025-05,Nissan,Kicks e-Power,,RY1,935
2025-06,Nissan,Kicks e-Power,,RY1,658
2025-07,Nissan,Kicks e-Power,,RY1,589
2025-08,Nissan,Kicks e-Power,,RY1,812
2025-09,Nissan,Kicks e-Power,e-Power VL,RY1,806
2025-10,Nissan,Kicks e-Power,e-Power VL,RY1,1209
2025-11,Nissan,Kicks e-Power,,RY1,1174
2025-12,Nissan,Kicks e-Power,,RY1,963
2023-01,Nissan,Navara,,RY3,1730
2023-02,Nissan,Navara,,RY3,1572
2023-03,Nissan,Navara,,RY3,774
2023-04,Nissan,Navara,2.5 S Single Cab,RY3,1933
2023-05,Nissan,Navara,,RY3,1740
2023-06,Nissan,Navara,2.5 S Single Cab,RY3,2024
2023-07,Nissan,Navara,,RY3,1500
2023-08,Nissan,Navara,,RY3,1999
2023-09,Nissan,Navara,2.5 Pro-4X Double Cab,RY3,1214
2023-10,Nissan,Navara,,RY3,1594
2023-11,Nissan,Navara,,RY3,1461
2023-12,Nissan,Navara,2.5 S Single Cab,RY3,1530
2024-01,Nissan,Navara,,RY3,2029
2024-02,Nissan,Navara,,RY3,1699
2024-03,Nissan,Navara,,RY3,1398
2024-04,Nissan,Navara,,RY3,2242
2024-05,Nissan,Navara,,RY3,1846
2024-06,Nissan,Navara,,RY3,2057
2024-07,Nissan,Navara,,RY3,1671
2024-08,Nissan,Navara,,RY3,2033
2024-09,Nissan,Navara,2.5 Pro-4X Double Cab,RY3,1664
2024-10,Nissan,Navara,,RY3,2194
2024-11,Nissan,Navara,2.5 Pro-4X Double Cab,RY3,1795
2024-12,Nissan,Navara,,RY3,1401
2025-01,Nissan,Navara,,RY3,2016
2025-02,Nissan,Navara,,RY3,1178
2025-03,Nissan,Navara,2.5 S Single Cab,RY3,1786
2025-04,Nissan,Navara,,RY3,2379
2025-05,Nissan,Navara,2.5 S Single Cab,RY3,1689
2025-06,Nissan,Navara,2.5 S Single Cab,RY3,1191
2025-07,Nissan,Navara,2.5 S Single Cab,RY3,1803
2025-08,Nissan,Navara,,RY3,2126
2025-09,Nissan,Navara,,RY3,2014
2025-10,Nissan,Navara,2.5 S Single Cab,RY3,2214
2025-11,Nissan,Navara,,RY3,1584
2025-12,Nissan,Navara,,RY3,2453
2023-01,Nissan,Terra,,RY1,162
2023-02,Nissan,Terra,,RY1,194
2023-03,Nissan,Terra,2.3 VL 4WD,RY1,196
2023-04,Nissan,Terra,,RY1,143
2023-05,Nissan,Terra,,RY1,123
2023-06,Nissan,Terra,,RY1,250
2023-07,Nissan,Terra,2.3 VL 4WD,RY1,156
2023-08,Nissan,Terra,2.3 VL 4WD,RY1,162
2023-09,Nissan,Terra,2.3 VL 4WD,RY1,114
2023-10,Nissan,Terra,2.3 VL 4WD,RY1,264
2023-11,Nissan,Terra,,RY1,221
2023-12,Nissan,Terra,,RY1,313
2024-01,Nissan,Terra,2.3 VL 4WD,RY1,223
2024-02,Nissan,Terra,,RY1,301
2024-03,Nissan,Terra,,RY1,320
2024-04,Nissan,Terra,,RY1,262
2024-05,Nissan,Terra,2.3 VL 4WD,RY1,207
2024-06,Nissan,Terra,,RY1,237
2024-07,Nissan,Terra,2.3 VL 4WD,RY1,201
2024-08,Nissan,Terra,,RY1,126
2024-09,Nissan,Terra,,RY1,320
2024-10,Nissan,Terra,,RY1,265
2024-11,Nissan,Terra,2.3 VL 4WD,RY1,150
2024-12,Nissan,Terra,,RY1,184
2025-01,Nissan,Terra,,RY1,204
2025-02,Nissan,Terra,,RY1,252
2025-03,Nissan,Terra,,RY1,229
2025-04,Nissan,Terra,,RY1,283
2025-05,Nissan,Terra,,RY1,187
2025-06,Nissan,Terra,,RY1,182
2025-07,Nissan,Terra,2.3 VL 4WD,RY1,253
2025-08,Nissan,Terra,,RY1,235
2025-09,Nissan,Terra,2.3 VL 4WD,RY1,152
2025-10,Nissan,Terra,,RY1,111
2025-11,Nissan,Terra,2.3 VL 4WD,RY1,197
2025-12,Nissan,Terra,,RY1,111
2023-01,Porsche,Macan,,RY1,96
2023-02,Porsche,Macan,,RY1,87
2023-03,Porsche,Macan,,RY1,58
2023-04,Porsche,Macan,,RY1,111
2023-05,Porsche,Macan,,RY1,115
2023-06,Porsche,Macan,,RY1,154
2023-07,Porsche,Macan,,RY1,79
2023-08,Porsche,Macan,Macan,RY1,142
2023-09,Porsche,Macan,Macan,RY1,117
2023-10,Porsche,Macan,,RY1,128
2023-11,Porsche,Macan,,RY1,126
2023-12,Porsche,Macan,Macan,RY1,103
2024-01,Porsche,Macan,Macan,RY1,114
2024-02,Porsche,Macan,Macan,RY1,131
2024-03,Porsche,Macan,Macan,RY1,126
2024-04,Porsche,Macan,,RY1,128
2024-05,Porsche,Macan,,RY1,106
2024-06,Porsche,Macan,,RY1,110
2024-07,Porsche,Macan,,RY1,122
2024-08,Porsche,Macan,Macan,RY1,151
2024-09,Porsche,Macan,,RY1,113
2024-10,Porsche,Macan,,RY1,119
2024-11,Porsche,Macan,Macan,RY1,142
2024-12,Porsche,Macan,Macan,RY1,140
2025-01,Porsche,Macan,,RY1,71
2025-02,Porsche,Macan,,RY1,156
2025-03,Porsche,Macan,,RY1,143
2025-04,Porsche,Macan,,RY1,102
2025-05,Porsche,Macan,,RY1,143
2025-06,Porsche,Macan,Macan,RY1,148
2025-07,Porsche,Macan,,RY1,126
2025-08,Porsche,Macan,Macan,RY1,170
2025-09,Porsche,Macan,,RY1,113
2025-10,Porsche,Macan,,RY1,138
2025-11,Porsche,Macan,,RY1,164
2025-12,Porsche,Macan,,RY1,126
2023-01,Porsche,Cayenne,Cayenne E-Hybrid,RY1,36
2023-02,Porsche,Cayenne,Cayenne E-Hybrid,RY1,44
2023-03,Porsche,Cayenne,,RY1,33
2023-04,Porsche,Cayenne,Cayenne E-Hybrid,RY1,27
2023-05,Porsche,Cayenne,,RY1,24
2023-06,Porsche,Cayenne,Cayenne E-Hybrid,RY1,37
2023-07,Porsche,Cayenne,Cayenne E-Hybrid,RY1,16
2023-08,Porsche,Cayenne,,RY1,38
2023-09,Porsche,Cayenne,,RY1,30
2023-10,Porsche,Cayenne,,RY1,37
2023-11,Porsche,Cayenne,,RY1,40
2023-12,Porsche,Cayenne,Cayenne E-Hybrid,RY1,31
2024-01,Porsche,Cayenne,,RY1,29
2024-02,Porsche,Cayenne,,RY1,47
2024-03,Porsche,Cayenne,Cayenne E-Hybrid,RY1,24
2024-04,Porsche,Cayenne,Cayenne E-Hybrid,RY1,39
2024-05,Porsche,Cayenne,,RY1,40
2024-06,Porsche,Cayenne,Cayenne E-Hybrid,RY1,34
2024-07,Porsche,Cayenne,,RY1,45
2024-08,Porsche,Cayenne,Cayenne E-Hybrid,RY1,38
2024-09,Porsche,Cayenne,,RY1,30
2024-10,Porsche,Cayenne,,RY1,44
2024-11,Porsche,Cayenne,,RY1,21
2024-12,Porsche,Cayenne,Cayenne E-Hybrid,RY1,32
2025-01,Porsche,Cayenne,Cayenne E-Hybrid,RY1,29
2025-02,Porsche,Cayenne,,RY1,43
2025-03,Porsche,Cayenne,,RY1,46
2025-04,Porsche,Cayenne,,RY1,16
2025-05,Porsche,Cayenne,Cayenne E-Hybrid,RY1,35
2025-06,Porsche,Cayenne,,RY1,50
2025-07,Porsche,Cayenne,Cayenne E-Hybrid,RY1,33
2025-08,Porsche,Cayenne,,RY1,48
2025-09,Porsche,Cayenne,,RY1,38
2025-10,Porsche,Cayenne,,RY1,43
2025-11,Porsche,Cayenne,Cayenne E-Hybrid,RY1,52
2025-12,Porsche,Cayenne,,RY1,20
2023-01,Porsche,911,,RY1,119
2023-02,Porsche,911,Carrera,RY1,104
2023-03,Porsche,911,,RY1,122
2023-04,Porsche,911,,RY1,81
2023-05,Porsche,911,,RY1,70
2023-06,Porsche,911,,RY1,103
2023-07,Porsche,911,,RY1,102
2023-08,Porsche,911,Carrera,RY1,84
2023-09,Porsche,911,,RY1,106
2023-10,Porsche,911,,RY1,96
2023-11,Porsche,911,,RY1,59
2023-12,Porsche,911,Carrera,RY1,120
2024-01,Porsche,911,,RY1,78
2024-02,Porsche,911,,RY1,116
2024-03,Porsche,911,Carrera,RY1,104
2024-04,Porsche,911,,RY1,78
2024-05,Porsche,911,,RY1,83
2024-06,Porsche,911,,RY1,72
2024-07,Porsche,911,Carrera,RY1,83
2024-08,Porsche,911,Carrera,RY1,79
2024-09,Porsche,911,Carrera,RY1,115
2024-10,Porsche,911,,RY1,130
2024-11,Porsche,911,Carrera,RY1,85
2024-12,Porsche,911,,RY1,136
2025-01,Porsche,911,,RY1,163
2025-02,Porsche,911,Carrera,RY1,72
2025-03,Porsche,911,Carrera,RY1,144
2025-04,Porsche,911,Carrera,RY1,161
2025-05,Porsche,911,Carrera,RY1,87
2025-06,Porsche,911,Carrera,RY1,102
2025-07,Porsche,911,,RY1,84
2025-08,Porsche,911,Carrera,RY1,134
2025-09,Porsche,911,Carrera,RY1,116
2025-10,Porsche,911,,RY1,78
2025-11,Porsche,911,,RY1,122
2025-12,Porsche,911,,RY1,144
2023-01,Subaru,Forester,,RY1,320
2023-02,Subaru,Forester,,RY1,259
2023-03,Subaru,Forester,,RY1,221
2023-04,Subaru,Forester,,RY1,125
2023-05,Subaru,Forester,2.0 i-S EyeSight,RY1,303
2023-06,Subaru,Forester,,RY1,171
2023-07,Subaru,Forester,,RY1,135
2023-08,Subaru,Forester,,RY1,200
2023-09,Subaru,Forester,2.0 i-S EyeSight,RY1,160
2023-10,Subaru,Forester,,RY1,198
2023-11,Subaru,Forester,,RY1,287
2023-12,Subaru,Forester,,RY1,201
2024-01,Subaru,Forester,2.0 i-S EyeSight,RY1,124
2024-02,Subaru,Forester,,RY1,195
2024-03,Subaru,Forester,,RY1,281
2024-04,Subaru,Forester,,RY1,279
2024-05,Subaru,Forester,2.0 i-S EyeSight,RY1,177
2024-06,Subaru,Forester,2.0 i-S EyeSight,RY1,290
2024-07,Subaru,Forester,,RY1,114
2024-08,Subaru,Forester,,RY1,205
2024-09,Subaru,Forester,,RY1,181
2024-10,Subaru,Forester,,RY1,345
2024-11,Subaru,Forester,,RY1,262
2024-12,Subaru,Forester,2.0 i-S EyeSight,RY1,241
2025-01,Subaru,Forester,,RY1,180
2025-02,Subaru,Forester,,RY1,242
2025-03,Subaru,Forester,,RY1,198
2025-04,Subaru,Forester,2.0 i-S EyeSight,RY1,286
2025-05,Subaru,Forester,,RY1,144
2025-06,Subaru,Forester,,RY1,221
2025-07,Subaru,Forester,,RY1,327
2025-08,Subaru,Forester,2.0 i-S EyeSight,RY1,235
2025-09,Subaru,Forester,2.0 i-S EyeSight,RY1,267
2025-10,Subaru,Forester,,RY1,303
2025-11,Subaru,Forester,,RY1,285
2025-12,Subaru,Forester,2.0 i-S EyeSight,RY1,174
2023-11,Subaru,Crosstrek,,RY1,308
2023-12,Subaru,Crosstrek,,RY1,190
2024-01,Subaru,Crosstrek,,RY1,266
2024-02,Subaru,Crosstrek,2.0 e-Boxer,RY1,477
2024-03,Subaru,Crosstrek,,RY1,411
2024-04,Subaru,Crosstrek,2.0 e-Boxer,RY1,464
2024-05,Subaru,Crosstrek,,RY1,433
2024-06,Subaru,Crosstrek,,RY1,255
2024-07,Subaru,Crosstrek,2.0 e-Boxer,RY1,384
2024-08,Subaru,Crosstrek,,RY1,413
2024-09,Subaru,Crosstrek,,RY1,443
2024-10,Subaru,Crosstrek,,RY1,233
2024-11,Subaru,Crosstrek,,RY1,491
2024-12,Subaru,Crosstrek,2.0 e-Boxer,RY1,319
2025-01,Subaru,Crosstrek,2.0 e-Boxer,RY1,525
2025-02,Subaru,Crosstrek,,RY1,328
2025-03,Subaru,Crosstrek,,RY1,275
2025-04,Subaru,Crosstrek,2.0 e-Boxer,RY1,655
2025-05,Subaru,Crosstrek,,RY1,499
2025-06,Subaru,Crosstrek,2.0 e-Boxer,RY1,337
2025-07,Subaru,Crosstrek,,RY1,490
2025-08,Subaru,Crosstrek,,RY1,289
2025-09,Subaru,Crosstrek,,RY1,617
2025-10,Subaru,Crosstrek,2.0 e-Boxer,RY1,481
2025-11,Subaru,Crosstrek,,RY1,498
2025-12,Subaru,Crosstrek,,RY1,633
2023-01,Suzuki,Swift,,RY1,290
2023-02,Suzuki,Swift,,RY1,456
2023-03,Suzuki,Swift,,RY1,383
2023-04,Suzuki,Swift,,RY1,400
2023-05,Suzuki,Swift,,RY1,243
2023-06,Suzuki,Swift,,RY1,422
2023-07,Suzuki,Swift,1.2 GLX,RY1,393
2023-08,Suzuki,Swift,,RY1,281
2023-09,Suzuki,Swift,,RY1,490
2023-10,Suzuki,Swift,1.2 GLX,RY1,276
2023-11,Suzuki,Swift,1.2 GLX,RY1,539
2023-12,Suzuki,Swift,1.2 GLX,RY1,272
2024-01,Suzuki,Swift,1.2 GLX,RY1,307
2024-02,Suzuki,Swift,1.2 GLX,RY1,488
2024-03,Suzuki,Swift,,RY1,398
2024-04,Suzuki,Swift,1.2 GLX,RY1,397
2024-05,Suzuki,Swift,,RY1,333
2024-06,Suzuki,Swift,,RY1,476
2024-07,Suzuki,Swift,,RY1,371
2024-08,Suzuki,Swift,1.2 GLX,RY1,516
2024-09,Suzuki,Swift,1.2 GLX,RY1,453
2024-10,Suzuki,Swift,,RY1,471
2024-11,Suzuki,Swift,1.2 GLX,RY1,299
2024-12,Suzuki,Swift,,RY1,406
2025-01,Suzuki,Swift,,RY1,240
2025-02,Suzuki,Swift,1.2 GLX,RY1,603
2025-03,Suzuki,Swift,,RY1,590
2025-04,Suzuki,Swift,,RY1,538
2025-05,Suzuki,Swift,1.2 GLX,RY1,402
2025-06,Suzuki,Swift,1.2 GLX,RY1,401
2025-07,Suzuki,Swift,,RY1,439
2025-08,Suzuki,Swift,,RY1,462
2025-09,Suzuki,Swift,,RY1,385
2025-10,Suzuki,Swift,,RY1,378
2025-11,Suzuki,Swift,1.2 GLX,RY1,451
2025-12,Suzuki,Swift,,RY1,468
2023-01,Suzuki,Ciaz,1.2 GLX,RY1,405
2023-02,Suzuki,Ciaz,,RY1,285
2023-03,Suzuki,Ciaz,,RY1,298
2023-04,Suzuki,Ciaz,1.2 GLX,RY1,505
2023-05,Suzuki,Ciaz,,RY1,346
2023-06,Suzuki,Ciaz,,RY1,262
2023-07,Suzuki,Ciaz,1.2 GLX,RY1,353
2023-08,Suzuki,Ciaz,,RY1,215
2023-09,Suzuki,Ciaz,,RY1,326
2023-10,Suzuki,Ciaz,1.2 GLX,RY1,166
2023-11,Suzuki,Ciaz,1.2 GLX,RY1,348
2023-12,Suzuki,Ciaz,1.2 GLX,RY1,194
2024-01,Suzuki,Ciaz,1.2 GLX,RY1,327
2024-02,Suzuki,Ciaz,,RY1,311
2024-03,Suzuki,Ciaz,1.2 GLX,RY1,329
2024-04,Suzuki,Ciaz,,RY1,229
2024-05,Suzuki,Ciaz,,RY1,224
2024-06,Suzuki,Ciaz,1.2 GLX,RY1,461
2024-07,Suzuki,Ciaz,,RY1,372
2024-08,Suzuki,Ciaz,,RY1,350
2024-09,Suzuki,Ciaz,,RY1,223
2024-10,Suzuki,Ciaz,,RY1,259
2024-11,Suzuki,Ciaz,1.2 GLX,RY1,324
2024-12,Suzuki,Ciaz,1.2 GLX,RY1,308
2025-01,Suzuki,Ciaz,1.2 GLX,RY1,304
2025-02,Suzuki,Ciaz,1.2 GLX,RY1,392
2025-03,Suzuki,Ciaz,,RY1,345
2025-04,Suzuki,Ciaz,,RY1,287
2025-05,Suzuki,Ciaz,1.2 GLX,RY1,329
2025-06,Suzuki,Ciaz,1.2 GLX,RY1,366
2025-07,Suzuki,Ciaz,,RY1,325
2025-08,Suzuki,Ciaz,1.2 GLX,RY1,192
2025-09,Suzuki,Ciaz,1.2 GLX,RY1,249
2025-10,Suzuki,Ciaz,,RY1,220
2025-11,Suzuki,Ciaz,,RY1,223
2025-12,Suzuki,Ciaz,1.2 GLX,RY1,249
2023-01,Suzuki,Celerio,1.0 GL,RY1,77
2023-02,Suzuki,Celerio,,RY1,73
2023-03,Suzuki,Celerio,,RY1,53
2023-04,Suzuki,Celerio,,RY1,77
2023-05,Suzuki,Celerio,,RY1,75
2023-06,Suzuki,Celerio,,RY1,98
2023-07,Suzuki,Celerio,1.0 GL,RY1,101
2023-08,Suzuki,Celerio,,RY1,86
2023-09,Suzuki,Celerio,,RY1,68
2023-10,Suzuki,Celerio,,RY1,81
2023-11,Suzuki,Celerio,,RY1,76
2023-12,Suzuki,Celerio,,RY1,76
2024-01,Suzuki,Celerio,,RY1,43
2024-02,Suzuki,Celerio,1.0 GL,RY1,49
2024-03,Suzuki,Celerio,1.0 GL,RY1,71
2024-04,Suzuki,Celerio,,RY1,33
2024-05,Suzuki,Celerio,1.0 GL,RY1,76
2024-06,Suzuki,Celerio,,RY1,86
2024-07,Suzuki,Celerio,,RY1,42
2024-08,Suzuki,Celerio,,RY1,65
2024-09,Suzuki,Celerio,,RY1,32
2024-10,Suzuki,Celerio,,RY1,57
2024-11,Suzuki,Celerio,1.0 GL,RY1,32
2024-12,Suzuki,Celerio,1.0 GL,RY1,40
2025-01,Suzuki,Celerio,,RY1,62
2025-02,Suzuki,Celerio,,RY1,26
2025-03,Suzuki,Celerio,,RY1,21
2025-04,Suzuki,Celerio,,RY1,73
2025-05,Suzuki,Celerio,,RY1,65
2025-06,Suzuki,Celerio,1.0 GL,RY1,90
2025-07,Suzuki,Celerio,,RY1,33
2025-08,Suzuki,Celerio,1.0 GL,RY1,47
2025-09,Suzuki,Celerio,1.0 GL,RY1,66
2025-10,Suzuki,Celerio,1.0 GL,RY1,65
2025-11,Suzuki,Celerio,,RY1,53
2025-12,Suzuki,Celerio,,RY1,81
2023-01,Suzuki,Ertiga,,RY1,463
2023-02,Suzuki,Ertiga,,RY1,362
2023-03,Suzuki,Ertiga,,RY1,329
2023-04,Suzuki,Ertiga,,RY1,474
2023-05,Suzuki,Ertiga,,RY1,148
2023-06,Suzuki,Ertiga,,RY1,234
2023-07,Suzuki,Ertiga,1.5 GX,RY1,385
2023-08,Suzuki,Ertiga,1.5 GX,RY1,419
2023-09,Suzuki,Ertiga,1.5 GX,RY1,309
2023-10,Suzuki,Ertiga,1.5 GX,RY1,486
2023-11,Suzuki,Ertiga,1.5 GX,RY1,392
2023-12,Suzuki,Ertiga,,RY1,441
2024-01,Suzuki,Ertiga,,RY1,253
2024-02,Suzuki,Ertiga,,RY1,193
2024-03,Suzuki,Ertiga,,RY1,166
2024-04,Suzuki,Ertiga,,RY1,252
2024-05,Suzuki,Ertiga,,RY1,222
2024-06,Suzuki,Ertiga,,RY1,304
2024-07,Suzuki,Ertiga,1.5 GX,RY1,132
2024-08,Suzuki,Ertiga,1.5 GX,RY1,360
2024-09,Suzuki,Ertiga,,RY1,270
2024-10,Suzuki,Ertiga,1.5 GX,RY1,339
2024-11,Suzuki,Ertiga,,RY1,249
2024-12,Suzuki,Ertiga,,RY1,509
2025-01,Suzuki,Ertiga,,RY1,174
2025-02,Suzuki,Ertiga,,RY1,339
2025-03,Suzuki,Ertiga,1.5 GX,RY1,541
2025-04,Suzuki,Ertiga,,RY1,171
2025-05,Suzuki,Ertiga,,RY1,227
2025-06,Suzuki,Ertiga,,RY1,100
2025-07,Suzuki,Ertiga,1.5 GX,RY1,263
2025-08,Suzuki,Ertiga,,RY1,357
2025-09,Suzuki,Ertiga,,RY1,188
2025-10,Suzuki,Ertiga,,RY1,264
2025-11,Suzuki,Ertiga,,RY1,239
2025-12,Suzuki,Ertiga,,RY1,347
2023-01,Suzuki,XL7,,RY1,372
2023-02,Suzuki,XL7,1.5 GLX,RY1,384
2023-03,Suzuki,XL7,,RY1,263
2023-04,Suzuki,XL7,1.5 GLX,RY1,367
2023-05,Suzuki,XL7,,RY1,218
2023-06,Suzuki,XL7,,RY1,397
2023-07,Suzuki,XL7,1.5 GLX,RY1,363
2023-08,Suzuki,XL7,,RY1,364
2023-09,Suzuki,XL7,1.5 GLX,RY1,231
2023-10,Suzuki,XL7,1.5 GLX,RY1,275
2023-11,Suzuki,XL7,,RY1,232
2023-12,Suzuki,XL7,,RY1,304
2024-01,Suzuki,XL7,1.5 GLX,RY1,223
2024-02,Suzuki,XL7,,RY1,242
2024-03,Suzuki,XL7,,RY1,265
2024-04,Suzuki,XL7,1.5 GLX,RY1,377
2024-05,Suzuki,XL7,,RY1,265
2024-06,Suzuki,XL7,,RY1,119
2024-07,Suzuki,XL7,,RY1,460
2024-08,Suzuki,XL7,,RY1,277
2024-09,Suzuki,XL7,,RY1,91
2024-10,Suzuki,XL7,,RY1,326
2024-11,Suzuki,XL7,,RY1,211
2024-12,Suzuki,XL7,,RY1,190
2025-01,Suzuki,XL7,1.5 GLX,RY1,140
2025-02,Suzuki,XL7,,RY1,227
2025-03,Suzuki,XL7,,RY1,246
2025-04,Suzuki,XL7,,RY1,202
2025-05,Suzuki,XL7,,RY1,379
2025-06,Suzuki,XL7,1.5 GLX,RY1,381
2025-07,Suzuki,XL7,,RY1,277
2025-08,Suzuki,XL7,1.5 GLX,RY1,404
2025-09,Suzuki,XL7,1.5 GLX,RY1,133
2025-10,Suzuki,XL7,,RY1,262
2025-11,Suzuki,XL7,,RY1,220
2025-12,Suzuki,XL7,,RY1,307
2023-01,Suzuki,Jimny,,RY1,88
2023-02,Suzuki,Jimny,,RY1,59
2023-03,Suzuki,Jimny,1.5 4WD,RY1,81
2023-04,Suzuki,Jimny,,RY1,113
2023-05,Suzuki,Jimny,,RY1,43
2023-06,Suzuki,Jimny,1.5 4WD,RY1,108
2023-07,Suzuki,Jimny,,RY1,136
2023-08,Suzuki,Jimny,1.5 4WD,RY1,65
2023-09,Suzuki,Jimny,,RY1,136
2023-10,Suzuki,Jimny,1.5 4WD,RY1,66
2023-11,Suzuki,Jimny,,RY1,49
2023-12,Suzuki,Jimny,1.5 4WD,RY1,53
2024-01,Suzuki,Jimny,,RY1,70
2024-02,Suzuki,Jimny,,RY1,56
2024-03,Suzuki,Jimny,,RY1,113
2024-04,Suzuki,Jimny,,RY1,72
2024-05,Suzuki,Jimny,1.5 4WD,RY1,58
2024-06,Suzuki,Jimny,,RY1,86
2024-07,Suzuki,Jimny,,RY1,92
2024-08,Suzuki,Jimny,,RY1,108
2024-09,Suzuki,Jimny,,RY1,108
2024-10,Suzuki,Jimny,1.5 4WD,RY1,88
2024-11,Suzuki,Jimny,1.5 4WD,RY1,83
2024-12,Suzuki,Jimny,1.5 4WD,RY1,117
2025-01,Suzuki,Jimny,1.5 4WD,RY1,82
2025-02,Suzuki,Jimny,,RY1,90
2025-03,Suzuki,Jimny,1.5 4WD,RY1,85
2025-04,Suzuki,Jimny,,RY1,139
2025-05,Suzuki,Jimny,,RY1,100
2025-06,Suzuki,Jimny,1.5 4WD,RY1,82
2025-07,Suzuki,Jimny,1.5 4WD,RY1,88
2025-08,Suzuki,Jimny,,RY1,128
2025-09,Suzuki,Jimny,,RY1,109
2025-10,Suzuki,Jimny,,RY1,124
2025-11,Suzuki,Jimny,,RY1,124
2025-12,Suzuki,Jimny,,RY1,88
2024-06,Suzuki,Fronx,1.5 GLX,RY1,398
2024-07,Suzuki,Fronx,,RY1,459
2024-08,Suzuki,Fronx,,RY1,227
2024-09,Suzuki,Fronx,,RY1,340
2024-10,Suzuki,Fronx,,RY1,289
2024-11,Suzuki,Fronx,1.5 GLX,RY1,312
2024-12,Suzuki,Fronx,1.5 GLX,RY1,234
2025-01,Suzuki,Fronx,1.5 GLX,RY1,499
2025-02,Suzuki,Fronx,,RY1,427
2025-03,Suzuki,Fronx,1.5 GLX,RY1,372
2025-04,Suzuki,Fronx,,RY1,502
2025-05,Suzuki,Fronx,,RY1,417
2025-06,Suzuki,Fronx,1.5 GLX,RY1,500
2025-07,Suzuki,Fronx,1.5 GLX,RY1,391
2025-08,Suzuki,Fronx,,RY1,527
2025-09,Suzuki,Fronx,1.5 GLX,RY1,402
2025-10,Suzuki,Fronx,,RY1,527
2025-11,Suzuki,Fronx,,RY1,473
2025-12,Suzuki,Fronx,,RY1,512
2023-01,Tesla,Model 3,Long Range AWD,RY1,52
2023-02,Tesla,Model 3,,RY1,113
2023-03,Tesla,Model 3,RWD,RY1,125
2023-04,Tesla,Model 3,,RY1,124
2023-05,Tesla,Model 3,Long Range AWD,RY1,94
2023-06,Tesla,Model 3,,RY1,109
2023-07,Tesla,Model 3,,RY1,118
2023-08,Tesla,Model 3,Long Range AWD,RY1,128
2023-09,Tesla,Model 3,Long Range AWD,RY1,117
2023-10,Tesla,Model 3,,RY1,117
2023-11,Tesla,Model 3,,RY1,86
2023-12,Tesla,Model 3,,RY1,103
2024-01,Tesla,Model 3,Long Range AWD,RY1,83
2024-02,Tesla,Model 3,RWD,RY1,109
2024-03,Tesla,Model 3,,RY1,85
2024-04,Tesla,Model 3,,RY1,71
2024-05,Tesla,Model 3,,RY1,92
2024-06,Tesla,Model 3,,RY1,109
2024-07,Tesla,Model 3,RWD,RY1,83
2024-08,Tesla,Model 3,,RY1,102
2024-09,Tesla,Model 3,,RY1,188
2024-10,Tesla,Model 3,,RY1,132
2024-11,Tesla,Model 3,RWD,RY1,138
2024-12,Tesla,Model 3,,RY1,168
2025-01,Tesla,Model 3,,RY1,155
2025-02,Tesla,Model 3,Long Range AWD,RY1,128
2025-03,Tesla,Model 3,,RY1,144
2025-04,Tesla,Model 3,,RY1,163
2025-05,Tesla,Model 3,Long Range AWD,RY1,122
2025-06,Tesla,Model 3,Long Range AWD,RY1,157
2025-07,Tesla,Model 3,,RY1,156
2025-08,Tesla,Model 3,,RY1,131
2025-09,Tesla,Model 3,,RY1,111
2025-10,Tesla,Model 3,,RY1,173
2025-11,Tesla,Model 3,,RY1,148
2025-12,Tesla,Model 3,,RY1,78
2023-01,Tesla,Model Y,,RY1,107
2023-02,Tesla,Model Y,,RY1,144
2023-03,Tesla,Model Y,,RY1,87
2023-04,Tesla,Model Y,,RY1,128
2023-05,Tesla,Model Y,Performance,RY1,93
2023-06,Tesla,Model Y,,RY1,68
2023-07,Tesla,Model Y,,RY1,76
2023-08,Tesla,Model Y,,RY1,51
2023-09,Tesla,Model Y,,RY1,86
2023-10,Tesla,Model Y,,RY1,57
2023-11,Tesla,Model Y,,RY1,79
2023-12,Tesla,Model Y,,RY1,138
2024-01,Tesla,Model Y,,RY1,155
2024-02,Tesla,Model Y,RWD,RY1,96
2024-03,Tesla,Model Y,,RY1,109
2024-04,Tesla,Model Y,,RY1,82
2024-05,Tesla,Model Y,RWD,RY1,74
2024-06,Tesla,Model Y,,RY1,111
2024-07,Tesla,Model Y,,RY1,68
2024-08,Tesla,Model Y,,RY1,131
2024-09,Tesla,Model Y,,RY1,120
2024-10,Tesla,Model Y,,RY1,76
2024-11,Tesla,Model Y,,RY1,76
2024-12,Tesla,Model Y,Performance,RY1,98
2025-01,Tesla,Model Y,,RY1,104
2025-02,Tesla,Model Y,Performance,RY1,123
2025-03,Tesla,Model Y,,RY1,97
2025-04,Tesla,Model Y,,RY1,80
2025-05,Tesla,Model Y,,RY1,82
2025-06,Tesla,Model Y,,RY1,79
2025-07,Tesla,Model Y,,RY1,130
2025-08,Tesla,Model Y,,RY1,121
2025-09,Tesla,Model Y,RWD,RY1,91
2025-10,Tesla,Model Y,,RY1,108
2025-11,Tesla,Model Y,,RY1,102
2025-12,Tesla,Model Y,,RY1,76
2023-01,Toyota,Yaris Ativ,1.2 Smart,RY1,4274
2023-02,Toyota,Yaris Ativ,,RY1,4617
2023-03,Toyota,Yaris Ativ,,RY1,3986
2023-04,Toyota,Yaris Ativ,,RY1,6802
2023-05,Toyota,Yaris Ativ,1.2 Premium Luxury,RY1,5337
2023-06,Toyota,Yaris Ativ,,RY1,3758
2023-07,Toyota,Yaris Ativ,1.2 Sport,RY1,4177
2023-08,Toyota,Yaris Ativ,,RY1,5391
2023-09,Toyota,Yaris Ativ,,RY1,2297
2023-10,Toyota,Yaris Ativ,1.2 Sport,RY1,4176
2023-11,Toyota,Yaris Ativ,,RY1,2921
2023-12,Toyota,Yaris Ativ,,RY1,3426
2024-01,Toyota,Yaris Ativ,,RY1,2699
2024-02,Toyota,Yaris Ativ,,RY1,3751
2024-03,Toyota,Yaris Ativ,,RY1,3781
2024-04,Toyota,Yaris Ativ,,RY1,2696
2024-05,Toyota,Yaris Ativ,,RY1,6268
2024-06,Toyota,Yaris Ativ,,RY1,4362
2024-07,Toyota,Yaris Ativ,,RY1,3446
2024-08,Toyota,Yaris Ativ,,RY1,4179
2024-09,Toyota,Yaris Ativ,,RY1,1385
2024-10,Toyota,Yaris Ativ,,RY1,2438
2024-11,Toyota,Yaris Ativ,1.2 Sport,RY1,1900
2024-12,Toyota,Yaris Ativ,,RY1,3904
2025-01,Toyota,Yaris Ativ,,RY1,2670
2025-02,Toyota,Yaris Ativ,1.2 Premium,RY1,3651
2025-03,Toyota,Yaris Ativ,1.2 Premium,RY1,4359
2025-04,Toyota,Yaris Ativ,,RY1,7156
2025-05,Toyota,Yaris Ativ,,RY1,5055
2025-06,Toyota,Yaris Ativ,1.2 Premium Luxury,RY1,4253
2025-07,Toyota,Yaris Ativ,,RY1,2961
2025-08,Toyota,Yaris Ativ,1.2 Premium Luxury,RY1,5262
2025-09,Toyota,Yaris Ativ,,RY1,5520
2025-10,Toyota,Yaris Ativ,1.2 Smart,RY1,3403
2025-11,Toyota,Yaris Ativ,,RY1,2553
2025-12,Toyota,Yaris Ativ,,RY1,3455
2023-01,Toyota,Yaris,1.2 Premium,RY1,5665
2023-02,Toyota,Yaris,,RY1,2216
2023-03,Toyota,Yaris,,RY1,3456
2023-04,Toyota,Yaris,1.2 Premium,RY1,3358
2023-05,Toyota,Yaris,,RY1,461
2023-06,Toyota,Yaris,1.2 Sport,RY1,5527
2023-07,Toyota,Yaris,1.2 Sport,RY1,6047
2023-08,Toyota,Yaris,,RY1,4202
2023-09,Toyota,Yaris,,RY1,5034
2023-10,Toyota,Yaris,,RY1,3958
2023-11,Toyota,Yaris,1.2 Premium,RY1,4124
2023-12,Toyota,Yaris,,RY1,2294
2024-01,Toyota,Yaris,,RY1,5486
2024-02,Toyota,Yaris,,RY1,5784
2024-03,Toyota,Yaris,1.2 Premium,RY1,4106
2024-04,Toyota,Yaris,,RY1,1251
2024-05,Toyota,Yaris,,RY1,4729
2024-06,Toyota,Yaris,,RY1,4395
2024-07,Toyota,Yaris,,RY1,3875
2024-08,Toyota,Yaris,1.2 Premium,RY1,3841
2024-09,Toyota,Yaris,,RY1,4890
2024-10,Toyota,Yaris,,RY1,3420
2024-11,Toyota,Yaris,,RY1,2192
2024-12,Toyota,Yaris,,RY1,1957
2025-01,Toyota,Yaris,1.2 Sport,RY1,1554
2025-02,Toyota,Yaris,,RY1,2920
2025-03,Toyota,Yaris,,RY1,2343
2025-04,Toyota,Yaris,1.2 Sport,RY1,3349
2025-05,Toyota,Yaris,,RY1,4690
2025-06,Toyota,Yaris,,RY1,2553
2025-07,Toyota,Yaris,,RY1,4186
2025-08,Toyota,Yaris,,RY1,3169
2025-09,Toyota,Yaris,,RY1,2482
2025-10,Toyota,Yaris,1.2 Sport,RY1,2146
2025-11,Toyota,Yaris,,RY1,2709
2025-12,Toyota,Yaris,1.2 Sport,RY1,1936
2023-01,Toyota,Corolla Altis,1.8 HEV GR Sport,RY1,2084
2023-02,Toyota,Corolla Altis,,RY1,3239
2023-03,Toyota,Corolla Altis,1.8 Sport,RY1,2794
2023-04,Toyota,Corolla Altis,,RY1,2965
2023-05,Toyota,Corolla Altis,,RY1,2590
2023-06,Toyota,Corolla Altis,,RY1,1879
2023-07,Toyota,Corolla Altis,,RY1,3698
2023-08,Toyota,Corolla Altis,1.8 Sport,RY1,1644
2023-09,Toyota,Corolla Altis,,RY1,3563
2023-10,Toyota,Corolla Altis,,RY1,2596
2023-11,Toyota,Corolla Altis,1.8 Sport,RY1,3351
2023-12,Toyota,Corolla Altis,,RY1,2419
2024-01,Toyota,Corolla Altis,1.8 HEV GR Sport,RY1,3140
2024-02,Toyota,Corolla Altis,1.8 HEV GR Sport,RY1,3258
2024-03,Toyota,Corolla Altis,,RY1,2890
2024-04,Toyota,Corolla Altis,,RY1,2864
2024-05,Toyota,Corolla Altis,,RY1,4242
2024-06,Toyota,Corolla Altis,,RY1,2106
2024-07,Toyota,Corolla Altis,,RY1,3416
2024-08,Toyota,Corolla Altis,,RY1,2656
2024-09,Toyota,Corolla Altis,,RY1,2685
2024-10,Toyota,Corolla Altis,,RY1,2756
2024-11,Toyota,Corolla Altis,,RY1,3364
2024-12,Toyota,Corolla Altis,,RY1,2629
2025-01,Toyota,Corolla Altis,,RY1,2475
2025-02,Toyota,Corolla Altis,1.8 HEV Smart,RY1,3310
2025-03,Toyota,Corolla Altis,,RY1,3715
2025-04,Toyota,Corolla Altis,,RY1,3495
2025-05,Toyota,Corolla Altis,,RY1,3598
2025-06,Toyota,Corolla Altis,,RY1,3753
2025-07,Toyota,Corolla Altis,,RY1,4478
2025-08,Toyota,Corolla Altis,,RY1,3829
2025-09,Toyota,Corolla Altis,,RY1,4204
2025-10,Toyota,Corolla Altis,1.8 HEV GR Sport,RY1,5035
2025-11,Toyota,Corolla Altis,,RY1,3315
2025-12,Toyota,Corolla Altis,,RY1,2945
2024-11,Toyota,Camry,2.5 HEV Premium,RY1,853
2024-12,Toyota,Camry,,RY1,1593
2025-01,Toyota,Camry,,RY1,1260
2025-02,Toyota,Camry,2.5 HEV Premium,RY1,972
2025-03,Toyota,Camry,2.5 HEV Premium,RY1,882
2025-04,Toyota,Camry,,RY1,1472
2025-05,Toyota,Camry,,RY1,1211
2025-06,Toyota,Camry,,RY1,495
2025-07,Toyota,Camry,,RY1,1227
2025-08,Toyota,Camry,2.5 HEV Premium Luxury,RY1,1113
2025-09,Toyota,Camry,,RY1,1317
2025-10,Toyota,Camry,2.5 HEV Premium,RY1,1018
2025-11,Toyota,Camry,2.5 HEV Premium Luxury,RY1,1453
2025-12,Toyota,Camry,2.5 HEV Premium Luxury,RY1,814
2023-01,Toyota,Corolla Cross,1.8 HEV GR Sport,RY1,2091
2023-02,Toyota,Corolla Cross,,RY1,1563
2023-03,Toyota,Corolla Cross,1.8 HEV GR Sport,RY1,3670
2023-04,Toyota,Corolla Cross,1.8 HEV Smart,RY1,2640
2023-05,Toyota,Corolla Cross,,RY1,3437
2023-06,Toyota,Corolla Cross,1.8 HEV Smart,RY1,3659
2023-07,Toyota,Corolla Cross,1.8 HEV Premium,RY1,3691
2023-08,Toyota,Corolla Cross,1.8 HEV GR Sport,RY1,3266
2023-09,Toyota,Corolla Cross,1.8 HEV Premium,RY1,2368
2023-10,Toyota,Corolla Cross,1.8 Smart,RY1,3827
2023-11,Toyota,Corolla Cross,,RY1,3044
2023-12,Toyota,Corolla Cross,,RY1,1829
2024-01,Toyota,Corolla Cross,1.8 Smart,RY1,3687
2024-02,Toyota,Corolla Cross,,RY1,3641
2024-03,Toyota,Corolla Cross,,RY1,2962
2024-04,Toyota,Corolla Cross,,RY1,2894
2024-05,Toyota,Corolla Cross,,RY1,2750
2024-06,Toyota,Corolla Cross,1.8 HEV GR Sport,RY1,2221
2024-07,Toyota,Corolla Cross,,RY1,2937
2024-08,Toyota,Corolla Cross,,RY1,2189
2024-09,Toyota,Corolla Cross,,RY1,3625
2024-10,Toyota,Corolla Cross,,RY1,4042
2024-11,Toyota,Corolla Cross,,RY1,3029
2024-12,Toyota,Corolla Cross,,RY1,3126
2025-01,Toyota,Corolla Cross,1.8 HEV Premium,RY1,3491
2025-02,Toyota,Corolla Cross,,RY1,2608
2025-03,Toyota,Corolla Cross,1.8 HEV GR Sport,RY1,3698
2025-04,Toyota,Corolla Cross,,RY1,3298
2025-05,Toyota,Corolla Cross,,RY1,4327
2025-06,Toyota,Corolla Cross,1.8 HEV GR Sport,RY1,3900
2025-07,Toyota,Corolla Cross,1.8 HEV Smart,RY1,2694
2025-08,Toyota,Corolla Cross,1.8 Smart,RY1,2293
2025-09,Toyota,Corolla Cross,,RY1,3152
2025-10,Toyota,Corolla Cross,,RY1,3653
2025-11,Toyota,Corolla Cross,1.8 Smart,RY1,2950
2025-12,Toyota,Corolla Cross,,RY1,2873
2023-09,Toyota,Yaris Cross,,RY1,671
2023-10,Toyota,Yaris Cross,1.5 HEV Smart,RY1,5503
2023-11,Toyota,Yaris Cross,,RY1,2826
2023-12,Toyota,Yaris Cross,,RY1,3243
2024-01,Toyota,Yaris Cross,1.5 HEV Smart,RY1,4066
2024-02,Toyota,Yaris Cross,,RY1,4714
2024-03,Toyota,Yaris Cross,1.5 HEV Premium Luxury,RY1,3078
2024-04,Toyota,Yaris Cross,,RY1,3167
2024-05,Toyota,Yaris Cross,,RY1,1796
2024-06,Toyota,Yaris Cross,,RY1,3195
2024-07,Toyota,Yaris Cross,1.5 HEV Premium Luxury,RY1,2394
2024-08,Toyota,Yaris Cross,,RY1,3224
2024-09,Toyota,Yaris Cross,,RY1,5155
2024-10,Toyota,Yaris Cross,1.5 HEV Smart,RY1,3873
2024-11,Toyota,Yaris Cross,1.5 HEV Smart,RY1,3455
2024-12,Toyota,Yaris Cross,1.5 HEV Smart,RY1,5190
2025-01,Toyota,Yaris Cross,,RY1,4442
2025-02,Toyota,Yaris Cross,1.5 HEV Premium Luxury,RY1,4686
2025-03,Toyota,Yaris Cross,,RY1,6510
2025-04,Toyota,Yaris Cross,1.5 HEV Smart,RY1,4261
2025-05,Toyota,Yaris Cross,1.5 HEV Premium Luxury,RY1,3809
2025-06,Toyota,Yaris Cross,,RY1,3833
2025-07,Toyota,Yaris Cross,,RY1,4025
2025-08,Toyota,Yaris Cross,1.5 HEV Premium Luxury,RY1,4395
2025-09,Toyota,Yaris Cross,,RY1,2933
2025-10,Toyota,Yaris Cross,,RY1,2516
2025-11,Toyota,Yaris Cross,,RY1,1143
2025-12,Toyota,Yaris Cross,,RY1,3842
2023-01,Toyota,Fortuner,,RY1,1783
2023-02,Toyota,Fortuner,,RY1,972
2023-03,Toyota,Fortuner,,RY1,1104
2023-04,Toyota,Fortuner,,RY1,1420
2023-05,Toyota,Fortuner,,RY1,1357
2023-06,Toyota,Fortuner,,RY1,1066
2023-07,Toyota,Fortuner,2.8 Legender 4x2,RY1,1349
2023-08,Toyota,Fortuner,2.4 V 4x2,RY1,948
2023-09,Toyota,Fortuner,,RY1,1003
2023-10,Toyota,Fortuner,,RY1,640
2023-11,Toyota,Fortuner,,RY1,1252
2023-12,Toyota,Fortuner,,RY1,761
2024-01,Toyota,Fortuner,2.4 V 4x2,RY1,1255
2024-02,Toyota,Fortuner,,RY1,1414
2024-03,Toyota,Fortuner,,RY1,709
2024-04,Toyota,Fortuner,2.4 V 4x2,RY1,1255
2024-05,Toyota,Fortuner,,RY1,1026
2024-06,Toyota,Fortuner,2.8 Legender 4x2,RY1,1044
2024-07,Toyota,Fortuner,,RY1,1020
2024-08,Toyota,Fortuner,,RY1,1128
2024-09,Toyota,Fortuner,,RY1,1136
2024-10,Toyota,Fortuner,2.8 GR Sport 4x4,RY1,859
2024-11,Toyota,Fortuner,,RY1,911
2024-12,Toyota,Fortuner,,RY1,1191
2025-01,Toyota,Fortuner,2.8 Legender 4x2,RY1,935
2025-02,Toyota,Fortuner,,RY1,741
2025-03,Toyota,Fortuner,2.8 Legender 4x2,RY1,480
2025-04,Toyota,Fortuner,,RY1,1090
2025-05,Toyota,Fortuner,,RY1,1122
2025-06,Toyota,Fortuner,,RY1,231
2025-07,Toyota,Fortuner,2.4 V 4x2,RY1,827
2025-08,Toyota,Fortuner,,RY1,521
2025-09,Toyota,Fortuner,2.8 GR Sport 4x4,RY1,896
2025-10,Toyota,Fortuner,,RY1,1083
2025-11,Toyota,Fortuner,,RY1,706
2025-12,Toyota,Fortuner,2.8 GR Sport 4x4,RY1,1039
2023-01,Toyota,Hilux Revo,2.8 GR Sport 4x4 Double Cab,RY3,7728
2023-02,Toyota,Hilux Revo,,RY3,7428
2023-03,Toyota,Hilux Revo,,RY3,9861
2023-04,Toyota,Hilux Revo,,RY3,11197
2023-05,Toyota,Hilux Revo,2.4 Mid Smart Cab,RY3,5948
2023-06,Toyota,Hilux Revo,,RY3,8449
2023-07,Toyota,Hilux Revo,,RY3,8635
2023-08,Toyota,Hilux Revo,,RY3,8364
2023-09,Toyota,Hilux Revo,2.4 Mid Smart Cab,RY3,9812
2023-10,Toyota,Hilux Revo,,RY3,7894
2023-11,Toyota,Hilux Revo,,RY3,5038
2023-12,Toyota,Hilux Revo,2.4 Mid Smart Cab,RY3,10615
2024-01,Toyota,Hilux Revo,,RY3,4138
2024-02,Toyota,Hilux Revo,,RY3,7058
2024-03,Toyota,Hilux Revo,,RY3,10256
2024-04,Toyota,Hilux Revo,,RY3,6585
2024-05,Toyota,Hilux Revo,2.4 Entry Single Cab,RY3,9580
2024-06,Toyota,Hilux Revo,2.4 Entry Single Cab,RY3,7974
2024-07,Toyota,Hilux Revo,,RY3,12485
2024-08,Toyota,Hilux Revo,,RY3,5969
2024-09,Toyota,Hilux Revo,,RY3,6188
2024-10,Toyota,Hilux Revo,,RY3,10418
2024-11,Toyota,Hilux Revo,2.8 GR Sport 4x4 Double Cab,RY3,12271
2024-12,Toyota,Hilux Revo,,RY3,7954
2025-01,Toyota,Hilux Revo,,RY3,9196
2025-02,Toyota,Hilux Revo,2.4 Prerunner Double Cab,RY3,4650
2025-03,Toyota,Hilux Revo,,RY3,11679
2025-04,Toyota,Hilux Revo,,RY3,12565
2025-05,Toyota,Hilux Revo,,RY3,14885
2025-06,Toyota,Hilux Revo,,RY3,9202
2025-07,Toyota,Hilux Revo,,RY3,11383
2025-08,Toyota,Hilux Revo,2.4 Entry Single Cab,RY3,10405
2025-09,Toyota,Hilux Revo,,RY3,11641
2025-10,Toyota,Hilux Revo,,RY3,6683
2025-11,Toyota,Hilux Revo,,RY3,14123
2025-12,Toyota,Hilux Revo,2.4 Prerunner Double Cab,RY3,7673
2023-11,Toyota,Hilux Champ,,RY3,9200
2023-12,Toyota,Hilux Champ,2.0 Single Cab,RY3,9072
2024-01,Toyota,Hilux Champ,,RY3,8776
2024-02,Toyota,Hilux Champ,2.4 Single Cab,RY3,8253
2024-03,Toyota,Hilux Champ,,RY3,11850
2024-04,Toyota,Hilux Champ,,RY3,12989
2024-05,Toyota,Hilux Champ,,RY3,10605
2024-06,Toyota,Hilux Champ,,RY3,13072
2024-07,Toyota,Hilux Champ,,RY3,7764
2024-08,Toyota,Hilux Champ,,RY3,10991
2024-09,Toyota,Hilux Champ,2.0 Single Cab,RY3,13440
2024-10,Toyota,Hilux Champ,,RY3,10856
2024-11,Toyota,Hilux Champ,2.4 Single Cab,RY3,13461
2024-12,Toyota,Hilux Champ,2.4 Single Cab,RY3,15224
2025-01,Toyota,Hilux Champ,,RY3,11885
2025-02,Toyota,Hilux Champ,2.0 Single Cab,RY3,11929
2025-03,Toyota,Hilux Champ,2.0 Single Cab,RY3,12007
2025-04,Toyota,Hilux Champ,,RY3,11668
2025-05,Toyota,Hilux Champ,2.0 Single Cab,RY3,14483
2025-06,Toyota,Hilux Champ,,RY3,13988
2025-07,Toyota,Hilux Champ,2.4 Single Cab,RY3,12452
2025-08,Toyota,Hilux Champ,2.0 Single Cab,RY3,10697
2025-09,Toyota,Hilux Champ,,RY3,13077
2025-10,Toyota,Hilux Champ,,RY3,9811
2025-11,Toyota,Hilux Champ,,RY3,19767
2025-12,Toyota,Hilux Champ,,RY3,12270
2023-06,Toyota,Innova Zenix,2.0 HEV Premium,RY1,654
2023-07,Toyota,Innova Zenix,,RY1,980
2023-08,Toyota,Innova Zenix,,RY1,995
2023-09,Toyota,Innova Zenix,,RY1,1151
2023-10,Toyota,Innova Zenix,,RY1,1181
2023-11,Toyota,Innova Zenix,,RY1,1699
2023-12,Toyota,Innova Zenix,,RY1,1351
2024-01,Toyota,Innova Zenix,,RY1,343
2024-02,Toyota,Innova Zenix,,RY1,890
2024-03,Toyota,Innova Zenix,,RY1,1157
2024-04,Toyota,Innova Zenix,2.0 HEV Premium,RY1,1613
2024-05,Toyota,Innova Zenix,,RY1,2023
2024-06,Toyota,Innova Zenix,2.0 HEV Premium,RY1,1212
2024-07,Toyota,Innova Zenix,2.0 HEV Premium,RY1,1603
2024-08,Toyota,Innova Zenix,2.0 HEV Premium,RY1,1119
2024-09,Toyota,Innova Zenix,,RY1,1541
2024-10,Toyota,Innova Zenix,,RY1,497
2024-11,Toyota,Innova Zenix,,RY1,1050
2024-12,Toyota,Innova Zenix,,RY1,1461
2025-01,Toyota,Innova Zenix,,RY1,822
2025-02,Toyota,Innova Zenix,,RY1,1068
2025-03,Toyota,Innova Zenix,,RY1,1567
2025-04,Toyota,Innova Zenix,,RY1,1747
2025-05,Toyota,Innova Zenix,2.0 HEV Premium,RY1,1229
2025-06,Toyota,Innova Zenix,2.0 HEV Premium,RY1,1585
2025-07,Toyota,Innova Zenix,,RY1,1245
2025-08,Toyota,Innova Zenix,2.0 HEV Premium,RY1,1156
2025-09,Toyota,Innova Zenix,2.0 HEV Premium,RY1,1064
2025-10,Toyota,Innova Zenix,,RY1,1229
2025-11,Toyota,Innova Zenix,2.0 HEV Premium,RY1,2112
2025-12,Toyota,Innova Zenix,2.0 HEV Premium,RY1,1344
2023-01,Toyota,Veloz,,RY1,4256
2023-03,Toyota,Veloz,,RY1,4952
2023-04,Toyota,Veloz,,RY1,3881
2023-05,Toyota,Veloz,,RY1,2233
2023-06,Toyota,Veloz,,RY1,3198
2023-07,Toyota,Veloz,,RY1,6698
2023-08,Toyota,Veloz,,RY1,4762
2023-09,Toyota,Veloz,,RY1,5308
2023-10,Toyota,Veloz,,RY1,2514
2023-11,Toyota,Veloz,,RY1,4980
2023-12,Toyota,Veloz,,RY1,6089
2024-01,Toyota,Veloz,,RY1,5907
2024-02,Toyota,Veloz,1.5 Premium,RY1,3384
2024-03,Toyota,Veloz,1.5 Premium,RY1,5671
2024-04,Toyota,Veloz,,RY1,6599
2024-05,Toyota,Veloz,,RY1,4583
2024-06,Toyota,Veloz,1.5 Premium,RY1,4355
2024-07,Toyota,Veloz,1.5 Premium,RY1,5129
2024-08,Toyota,Veloz,1.5 Premium,RY1,5217
2024-09,Toyota,Veloz,,RY1,6976
2024-10,Toyota,Veloz,,RY1,5349
2024-11,Toyota,Veloz,,RY1,3964
2024-12,Toyota,Veloz,,RY1,6911
2025-01,Toyota,Veloz,,RY1,5611
2025-02,Toyota,Veloz,,RY1,7342
2025-03,Toyota,Veloz,1.5 Premium,RY1,6544
2025-04,Toyota,Veloz,,RY1,5461
2025-05,Toyota,Veloz,,RY1,7961
2025-06,Toyota,Veloz,,RY1,5948
2025-07,Toyota,Veloz,,RY1,5952
2025-08,Toyota,Veloz,,RY1,5697
2025-09,Toyota,Veloz,1.5 Premium,RY1,6556
2025-10,Toyota,Veloz,1.5 Premium,RY1,2430
2025-11,Toyota,Veloz,1.5 Premium,RY1,6653
2025-12,Toyota,Veloz,,RY1,7273
2023-09,Toyota,Alphard,,RY1,199
2023-10,Toyota,Alphard,,RY1,311
2023-11,Toyota,Alphard,2.5 HEV Executive Lounge,RY1,430
2023-12,Toyota,Alphard,2.5 HEV Executive Lounge,RY1,408
2024-01,Toyota,Alphard,,RY1,245
2024-02,Toyota,Alphard,,RY1,288
2024-03,Toyota,Alphard,2.5 HEV Executive Lounge,RY1,352
2024-04,Toyota,Alphard,,RY1,249
2024-05,Toyota,Alphard,,RY1,333
2024-06,Toyota,Alphard,,RY1,571
2024-07,Toyota,Alphard,2.5 HEV Executive Lounge,RY1,366
2024-08,Toyota,Alphard,2.5 HEV Executive Lounge,RY1,171
2024-09,Toyota,Alphard,,RY1,397
2024-10,Toyota,Alphard,,RY1,343
2024-11,Toyota,Alphard,,RY1,243
2024-12,Toyota,Alphard,2.5 HEV Executive Lounge,RY1,254
2025-01,Toyota,Alphard,,RY1,355
2025-02,Toyota,Alphard,2.5 HEV Executive Lounge,RY1,441
2025-03,Toyota,Alphard,2.5 HEV Executive Lounge,RY1,401
2025-04,Toyota,Alphard,,RY1,343
2025-05,Toyota,Alphard,,RY1,381
2025-06,Toyota,Alphard,,RY1,330
2025-07,Toyota,Alphard,,RY1,221
2025-08,Toyota,Alphard,,RY1,346
2025-09,Toyota,Alphard,,RY1,332
2025-10,Toyota,Alphard,,RY1,455
2025-11,Toyota,Alphard,,RY1,411
2025-12,Toyota,Alphard,2.5 HEV Executive Lounge,RY1,325
2023-01,Toyota,bZ4X,,RY1,2105
2023-02,Toyota,bZ4X,,RY1,3412
2023-03,Toyota,bZ4X,,RY1,1980
2023-04,Toyota,bZ4X,,RY1,1992
2023-05,Toyota,bZ4X,,RY1,2664
2023-06,Toyota,bZ4X,,RY1,2708
2023-07,Toyota,bZ4X,Premium,RY1,3163
2023-08,Toyota,bZ4X,,RY1,3476
2023-09,Toyota,bZ4X,,RY1,4275
2023-10,Toyota,bZ4X,,RY1,4083
2023-11,Toyota,bZ4X,Premium,RY1,3305
2023-12,Toyota,bZ4X,,RY1,4461
2024-01,Toyota,bZ4X,,RY1,3037
2024-02,Toyota,bZ4X,,RY1,3856
2024-03,Toyota,bZ4X,Premium,RY1,3459
2024-04,Toyota,bZ4X,,RY1,3649
2024-05,Toyota,bZ4X,,RY1,2688
2024-06,Toyota,bZ4X,Premium,RY1,3391
2024-07,Toyota,bZ4X,,RY1,3948
2024-08,Toyota,bZ4X,Premium,RY1,3845
2024-09,Toyota,bZ4X,Premium,RY1,4200
2024-10,Toyota,bZ4X,,RY1,3799
2024-11,Toyota,bZ4X,,RY1,3088
2024-12,Toyota,bZ4X,,RY1,4285
2025-01,Toyota,bZ4X,Premium,RY1,3189
2025-02,Toyota,bZ4X,,RY1,3134
2025-03,Toyota,bZ4X,Premium,RY1,3687
2025-04,Toyota,bZ4X,,RY1,3235
2025-05,Toyota,bZ4X,Premium,RY1,2423
2025-06,Toyota,bZ4X,,RY1,2457
2025-07,Toyota,bZ4X,,RY1,2114
2025-08,Toyota,bZ4X,,RY1,3679
2025-09,Toyota,bZ4X,Premium,RY1,5091
2025-10,Toyota,bZ4X,Premium,RY1,4831
2025-11,Toyota,bZ4X,,RY1,3978
2025-12,Toyota,bZ4X,Premium,RY1,4086
2023-01,Toyota,Land Cruiser 300,3.3 D VX,RY1,280
2023-02,Toyota,Land Cruiser 300,,RY1,293
2023-03,Toyota,Land Cruiser 300,,RY1,401
2023-04,Toyota,Land Cruiser 300,,RY1,350
2023-05,Toyota,Land Cruiser 300,,RY1,328
2023-06,Toyota,Land Cruiser 300,3.3 D VX,RY1,373
2023-07,Toyota,Land Cruiser 300,,RY1,486
2023-08,Toyota,Land Cruiser 300,,RY1,471
2023-09,Toyota,Land Cruiser 300,3.3 D VX,RY1,382
2023-10,Toyota,Land Cruiser 300,3.3 D VX,RY1,147
2023-11,Toyota,Land Cruiser 300,,RY1,439
2023-12,Toyota,Land Cruiser 300,,RY1,387
2024-01,Toyota,Land Cruiser 300,,RY1,471
2024-02,Toyota,Land Cruiser 300,3.3 D VX,RY1,207
2024-03,Toyota,Land Cruiser 300,,RY1,486
2024-04,Toyota,Land Cruiser 300,3.3 D VX,RY1,322
2024-05,Toyota,Land Cruiser 300,,RY1,446
2024-06,Toyota,Land Cruiser 300,,RY1,318
2024-07,Toyota,Land Cruiser 300,,RY1,398
2024-08,Toyota,Land Cruiser 300,3.3 D VX,RY1,458
2024-09,Toyota,Land Cruiser 300,,RY1,434
2024-10,Toyota,Land Cruiser 300,,RY1,317
2024-11,Toyota,Land Cruiser 300,,RY1,247
2024-12,Toyota,Land Cruiser 300,,RY1,350
2025-01,Toyota,Land Cruiser 300,,RY1,553
2025-02,Toyota,Land Cruiser 300,,RY1,461
2025-03,Toyota,Land Cruiser 300,,RY1,390
2025-04,Toyota,Land Cruiser 300,3.3 D VX,RY1,467
2025-05,Toyota,Land Cruiser 300,3.3 D VX,RY1,405
2025-06,Toyota,Land Cruiser 300,3.3 D VX,RY1,442
2025-07,Toyota,Land Cruiser 300,,RY1,550
2025-08,Toyota,Land Cruiser 300,,RY1,544
2025-09,Toyota,Land Cruiser 300,3.3 D VX,RY1,615
2025-10,Toyota,Land Cruiser 300,3.3 D VX,RY1,640
2025-11,Toyota,Land Cruiser 300,,RY1,394
2025-12,Toyota,Land Cruiser 300,,RY1,252
2023-01,Volvo,XC40,Recharge Pure Electric,RY1,188
2023-02,Volvo,XC40,Recharge Pure Electric,RY1,240
2023-03,Volvo,XC40,,RY1,201
2023-04,Volvo,XC40,Recharge Pure Electric,RY1,287
2023-05,Volvo,XC40,,RY1,228
2023-06,Volvo,XC40,Recharge Pure Electric,RY1,242
2023-07,Volvo,XC40,Recharge Pure Electric,RY1,139
2023-08,Volvo,XC40,,RY1,172
2023-09,Volvo,XC40,,RY1,261
2023-10,Volvo,XC40,,RY1,241
2023-11,Volvo,XC40,Recharge Pure Electric,RY1,171
2023-12,Volvo,XC40,,RY1,258
2024-01,Volvo,XC40,,RY1,328
2024-02,Volvo,XC40,Recharge Pure Electric,RY1,172
2024-03,Volvo,XC40,,RY1,211
2024-04,Volvo,XC40,,RY1,219
2024-05,Volvo,XC40,,RY1,177
2024-06,Volvo,XC40,Recharge Pure Electric,RY1,180
2024-07,Volvo,XC40,,RY1,102
2024-08,Volvo,XC40,,RY1,135
2024-09,Volvo,XC40,Recharge Pure Electric,RY1,288
2024-10,Volvo,XC40,Recharge Pure Electric,RY1,288
2024-11,Volvo,XC40,,RY1,316
2024-12,Volvo,XC40,,RY1,130
2025-01,Volvo,XC40,,RY1,191
2025-02,Volvo,XC40,Recharge Pure Electric,RY1,206
2025-03,Volvo,XC40,,RY1,235
2025-04,Volvo,XC40,,RY1,235
2025-05,Volvo,XC40,,RY1,242
2025-06,Volvo,XC40,,RY1,295
2025-07,Volvo,XC40,Recharge Pure Electric,RY1,252
2025-08,Volvo,XC40,,RY1,149
2025-09,Volvo,XC40,,RY1,242
2025-10,Volvo,XC40,Recharge Pure Electric,RY1,287
2025-11,Volvo,XC40,Recharge Pure Electric,RY1,38
2025-12,Volvo,XC40,,RY1,283
2023-01,Volvo,XC60,T8 Recharge Ultimate,RY1,55
2023-02,Volvo,XC60,,RY1,96
2023-03,Volvo,XC60,,RY1,105
2023-04,Volvo,XC60,T8 Recharge Ultimate,RY1,70
2023-05,Volvo,XC60,,RY1,68
2023-06,Volvo,XC60,T8 Recharge Ultimate,RY1,139
2023-07,Volvo,XC60,,RY1,103
2023-08,Volvo,XC60,T8 Recharge Ultimate,RY1,78
2023-09,Volvo,XC60,,RY1,114
2023-10,Volvo,XC60,,RY1,96
2023-11,Volvo,XC60,,RY1,108
2023-12,Volvo,XC60,,RY1,107
2024-01,Volvo,XC60,,RY1,84
2024-02,Volvo,XC60,,RY1,70
2024-03,Volvo,XC60,T8 Recharge Ultimate,RY1,82
2024-04,Volvo,XC60,,RY1,183
2024-05,Volvo,XC60,T8 Recharge Ultimate,RY1,112
2024-06,Volvo,XC60,,RY1,131
2024-07,Volvo,XC60,,RY1,106
2024-08,Volvo,XC60,T8 Recharge Ultimate,RY1,80
2024-09,Volvo,XC60,,RY1,114
2024-10,Volvo,XC60,,RY1,99
2024-11,Volvo,XC60,T8 Recharge Ultimate,RY1,113
2024-12,Volvo,XC60,T8 Recharge Ultimate,RY1,125
2025-01,Volvo,XC60,,RY1,149
2025-02,Volvo,XC60,T8 Recharge Ultimate,RY1,96
2025-03,Volvo,XC60,T8 Recharge Ultimate,RY1,126
2025-04,Volvo,XC60,T8 Recharge Ultimate,RY1,110
2025-05,Volvo,XC60,T8 Recharge Ultimate,RY1,120
2025-06,Volvo,XC60,,RY1,152
2025-07,Volvo,XC60,T8 Recharge Ultimate,RY1,130
2025-08,Volvo,XC60,T8 Recharge Ultimate,RY1,108
2025-09,Volvo,XC60,T8 Recharge Ultimate,RY1,141
2025-10,Volvo,XC60,T8 Recharge Ultimate,RY1,137
2025-11,Volvo,XC60,,RY1,118
2025-12,Volvo,XC60,T8 Recharge Ultimate,RY1,106
2023-01,Volvo,XC90,T8 Recharge Ultimate,RY1,41
2023-02,Volvo,XC90,,RY1,29
2023-03,Volvo,XC90,,RY1,32
2023-04,Volvo,XC90,,RY1,32
2023-05,Volvo,XC90,,RY1,41
2023-06,Volvo,XC90,T8 Recharge Ultimate,RY1,27
2023-07,Volvo,XC90,T8 Recharge Ultimate,RY1,37
2023-08,Volvo,XC90,T8 Recharge Ultimate,RY1,26
2023-09,Volvo,XC90,,RY1,44
2023-10,Volvo,XC90,T8 Recharge Ultimate,RY1,36
2023-11,Volvo,XC90,,RY1,46
2023-12,Volvo,XC90,,RY1,38
2024-01,Volvo,XC90,,RY1,35
2024-02,Volvo,XC90,T8 Recharge Ultimate,RY1,49
2024-03,Volvo,XC90,,RY1,32
2024-04,Volvo,XC90,T8 Recharge Ultimate,RY1,36
2024-05,Volvo,XC90,T8 Recharge Ultimate,RY1,23
2024-06,Volvo,XC90,,RY1,45
2024-07,Volvo,XC90,T8 Recharge Ultimate,RY1,28
2024-08,Volvo,XC90,,RY1,28
2024-09,Volvo,XC90,,RY1,25
2024-10,Volvo,XC90,T8 Recharge Ultimate,RY1,43
2024-11,Volvo,XC90,,RY1,29
2024-12,Volvo,XC90,,RY1,27
2025-01,Volvo,XC90,T8 Recharge Ultimate,RY1,35
2025-02,Volvo,XC90,,RY1,20
2025-03,Volvo,XC90,T8 Recharge Ultimate,RY1,53
2025-04,Volvo,XC90,,RY1,46
2025-05,Volvo,XC90,T8 Recharge Ultimate,RY1,51
2025-06,Volvo,XC90,T8 Recharge Ultimate,RY1,41
2025-07,Volvo,XC90,,RY1,42
2025-08,Volvo,XC90,,RY1,39
2025-09,Volvo,XC90,T8 Recharge Ultimate,RY1,38
2025-10,Volvo,XC90,T8 Recharge Ultimate,RY1,42
2025-11,Volvo,XC90,,RY1,61
2025-12,Volvo,XC90,T8 Recharge Ultimate,RY1,67
2024-05,Volvo,EX30,,RY1,543
2024-06,Volvo,EX30,Ultra Single Motor,RY1,406
2024-07,Volvo,EX30,Ultra Single Motor,RY1,456
2024-08,Volvo,EX30,Ultra Single Motor,RY1,407
2024-09,Volvo,EX30,,RY1,461
2024-10,Volvo,EX30,,RY1,314
2024-11,Volvo,EX30,,RY1,456
2024-12,Volvo,EX30,,RY1,520
2025-01,Volvo,EX30,Ultra Single Motor,RY1,488
2025-02,Volvo,EX30,Ultra Single Motor,RY1,543
2025-03,Volvo,EX30,Ultra Single Motor,RY1,536
2025-04,Volvo,EX30,Ultra Single Motor,RY1,427
2025-05,Volvo,EX30,Ultra Single Motor,RY1,439
2025-06,Volvo,EX30,,RY1,584
2025-07,Volvo,EX30,,RY1,630
2025-08,Volvo,EX30,Ultra Single Motor,RY1,638
2025-09,Volvo,EX30,Ultra Single Motor,RY1,298
2025-10,Volvo,EX30,,RY1,485
2025-11,Volvo,EX30,,RY1,589
2025-12,Volvo,EX30,,RY1,580
2024-07,XPeng,XPeng G6,,RY1,105
2024-08,XPeng,XPeng G6,,RY1,98
2024-09,XPeng,XPeng G6,,RY1,74
2024-10,XPeng,XPeng G6,,RY1,95
2024-11,XPeng,XPeng G6,,RY1,85
2024-12,XPeng,XPeng G6,,RY1,116
2025-01,XPeng,XPeng G6,,RY1,160
2025-02,XPeng,XPeng G6,,RY1,123
2025-03,XPeng,XPeng G6,,RY1,69
2025-04,XPeng,XPeng G6,,RY1,56
2025-05,XPeng,XPeng G6,Long Range,RY1,124
2025-06,XPeng,XPeng G6,Long Range,RY1,88
2025-07,XPeng,XPeng G6,,RY1,157
2025-08,XPeng,XPeng G6,,RY1,110
2025-09,XPeng,XPeng G6,Long Range,RY1,129
2025-10,XPeng,XPeng G6,Long Range,RY1,116
2025-11,XPeng,XPeng G6,,RY1,106
2025-12,XPeng,XPeng G6,,RY1,102
2024-05,Zeekr,Zeekr X,Long Range RWD,RY1,276
2024-06,Zeekr,Zeekr X,,RY1,388
2024-07,Zeekr,Zeekr X,,RY1,351
2024-08,Zeekr,Zeekr X,,RY1,453
2024-09,Zeekr,Zeekr X,,RY1,385
2024-10,Zeekr,Zeekr X,Long Range RWD,RY1,424
2024-11,Zeekr,Zeekr X,,RY1,505
2024-12,Zeekr,Zeekr X,,RY1,336
2025-01,Zeekr,Zeekr X,Long Range RWD,RY1,552
2025-02,Zeekr,Zeekr X,,RY1,657
2025-03,Zeekr,Zeekr X,Long Range RWD,RY1,581
2025-04,Zeekr,Zeekr X,,RY1,353
2025-05,Zeekr,Zeekr X,,RY1,372
2025-06,Zeekr,Zeekr X,,RY1,394
2025-07,Zeekr,Zeekr X,Long Range RWD,RY1,642
2025-08,Zeekr,Zeekr X,,RY1,485
2025-09,Zeekr,Zeekr X,Long Range RWD,RY1,549
2025-10,Zeekr,Zeekr X,Long Range RWD,RY1,295
2025-11,Zeekr,Zeekr X,,RY1,256
2025-12,Zeekr,Zeekr X,,RY1,525
2024-05,Zeekr,Zeekr 009,,RY1,36
2024-06,Zeekr,Zeekr 009,Long Range,RY1,38
2024-07,Zeekr,Zeekr 009,,RY1,53
2024-08,Zeekr,Zeekr 009,,RY1,38
2024-09,Zeekr,Zeekr 009,,RY1,29
2024-10,Zeekr,Zeekr 009,,RY1,37
2024-11,Zeekr,Zeekr 009,Long Range,RY1,27
2024-12,Zeekr,Zeekr 009,,RY1,37
2025-01,Zeekr,Zeekr 009,Long Range,RY1,24
2025-02,Zeekr,Zeekr 009,,RY1,44
2025-03,Zeekr,Zeekr 009,,RY1,35
2025-04,Zeekr,Zeekr 009,,RY1,52
2025-05,Zeekr,Zeekr 009,Long Range,RY1,34
2025-06,Zeekr,Zeekr 009,Long Range,RY1,44
2025-07,Zeekr,Zeekr 009,Long Range,RY1,54
2025-08,Zeekr,Zeekr 009,Long Range,RY1,37
2025-09,Zeekr,Zeekr 009,,RY1,33
2025-10,Zeekr,Zeekr 009,,RY1,35
2025-11,Zeekr,Zeekr 009,Long Range,RY1,49
2025-12,Zeekr,Zeekr 009,Long Range,RY1,41
2023-01,DEEPAL,S05,,RY1,241
2023-05,DEEPAL,S05,,RY1,253
2023-09,DEEPAL,S05,,RY1,97
2024-01,DEEPAL,S05,,RY1,205
2024-05,DEEPAL,S05,,RY1,54
2024-09,DEEPAL,S05,,RY1,248
2025-01,DEEPAL,S05,,RY1,180
2025-05,DEEPAL,S05,,RY1,230
2025-09,DEEPAL,S05,,RY1,63
2023-01,WULING,BINGO EV,,RY1,86
2023-05,WULING,BINGO EV,,RY1,189
2023-09,WULING,BINGO EV,,RY1,129
2024-01,WULING,BINGO EV,,RY1,53
2024-05,WULING,BINGO EV,,RY1,128
2024-09,WULING,BINGO EV,,RY1,186
2025-01,WULING,BINGO EV,,RY1,31
2025-05,WULING,BINGO EV,,RY1,62
2025-09,WULING,BINGO EV,,RY1,55
2023-01,JETOUR,DASHING,,RY1,20
2023-05,JETOUR,DASHING,,RY1,55
2023-09,JETOUR,DASHING,,RY1,237
2024-01,JETOUR,DASHING,,RY1,193
2024-05,JETOUR,DASHING,,RY1,92
2024-09,JETOUR,DASHING,,RY1,114
2025-01,JETOUR,DASHING,,RY1,140
2025-05,JETOUR,DASHING,,RY1,84
2025-09,JETOUR,DASHING,,RY1,173
2023-01,FOTON,TUNLAND G7,,RY1,45
2023-05,FOTON,TUNLAND G7,,RY1,172
2023-09,FOTON,TUNLAND G7,,RY1,247
2024-01,FOTON,TUNLAND G7,,RY1,136
2024-05,FOTON,TUNLAND G7,,RY1,139
2024-09,FOTON,TUNLAND G7,,RY1,61
2025-01,FOTON,TUNLAND G7,,RY1,115
2025-05,FOTON,TUNLAND G7,,RY1,217
2025-09,FOTON,TUNLAND G7,,RY1,27
2023-01,,รถยนต์นั่งอื่น ๆ,,RY1,159
2023-05,,รถยนต์นั่งอื่น ๆ,,RY1,28
2023-09,,รถยนต์นั่งอื่น ๆ,,RY1,211
2024-01,,รถยนต์นั่งอื่น ๆ,,RY1,174
2024-05,,รถยนต์นั่งอื่น ๆ,,RY1,195
2024-09,,รถยนต์นั่งอื่น ๆ,,RY1,30
2025-01,,รถยนต์นั่งอื่น ๆ,,RY1,138
2025-05,,รถยนต์นั่งอื่น ๆ,,RY1,171
2025-09,,รถยนต์นั่งอื่น ๆ,,RY1,93
